make,model,part_name,part_number,price,labor_hours,currency,region,source,sourced_at
Honda,Amaze,Bonnet Hinge,601700ZZ,661.00,1.0,INR,IN,boodmo.com,2026-07-04
Honda,Amaze,Bumper Bracket,HDBBR,98.00,0.5,INR,IN,boodmo.com,2026-07-04
Honda,Amaze,Door Handle,OA9FL,168.00,0.5,INR,IN,boodmo.com,2026-07-04
Honda,Amaze,Fog Lamp,AG6-R,853.00,0.8,INR,IN,boodmo.com,2026-07-04
Honda,Amaze,Front Bumper,711050ZZ,2493.00,2.0,INR,IN,boodmo.com,2026-07-04
Honda,Amaze,Front Door,776201ZA,372.00,3.5,INR,IN,boodmo.com,2026-07-04
Honda,Amaze,Front Fender,602100ZZ,2674.00,2.5,INR,IN,boodmo.com,2026-07-04
Honda,Amaze,Front Grill,711K00,361.00,1.0,INR,IN,boodmo.com,2026-07-04
Honda,Amaze,Headlamp,HL0OL,2488.00,1.5,INR,IN,boodmo.com,2026-07-04
Honda,Amaze,Hood,741N01,1177.00,3.0,INR,IN,boodmo.com,2026-07-04
Honda,Amaze,Indicator Lamp,343K11,1509.00,0.6,INR,IN,boodmo.com,2026-07-04
Honda,Amaze,Quarter Panel,631K01,50.00,3.0,INR,IN,boodmo.com,2026-07-04
Honda,Amaze,Radiator Support,254000,163.00,2.0,INR,IN,boodmo.com,2026-07-04
Honda,Amaze,Rear Bumper,HRB,3662.00,2.0,INR,IN,boodmo.com,2026-07-04
Honda,Amaze,Rear Door,776201ZA,372.00,3.0,INR,IN,boodmo.com,2026-07-04
Honda,Amaze,Rear Fender,602100ZZ,2674.00,2.5,INR,IN,boodmo.com,2026-07-04
Honda,Amaze,Rear Glass,732K11,3230.00,2.0,INR,IN,boodmo.com,2026-07-04
Honda,Amaze,Roof Panel,621010ZZ,11802.00,4.0,INR,IN,boodmo.com,2026-07-04
Honda,Amaze,Side Mirror,ARV7592,488.00,0.8,INR,IN,boodmo.com,2026-07-04
Honda,Amaze,Side Skirt,GF69,508.00,1.5,INR,IN,boodmo.com,2026-07-04
Honda,Amaze,Tail Lamp,ALH,1313.00,1.0,INR,IN,boodmo.com,2026-07-04
Honda,Amaze,Trunk Lid,685000ZZ,6894.00,2.5,INR,IN,boodmo.com,2026-07-04
Honda,Amaze,Wheel Rim,427K11,752.00,1.0,INR,IN,boodmo.com,2026-07-04
Honda,Amaze,Windshield,731K01,4862.00,2.5,INR,IN,boodmo.com,2026-07-04
Honda,City,Bonnet Hinge,601700ZZ,691.00,1.0,INR,IN,boodmo.com,2026-07-04
Honda,City,Bumper Bracket,715000,91.00,0.5,INR,IN,boodmo.com,2026-07-04
Honda,City,Door Handle,OA0R,100.00,0.5,INR,IN,boodmo.com,2026-07-04
Honda,City,Fog Lamp,AG6-R,853.00,0.8,INR,IN,boodmo.com,2026-07-04
Honda,City,Front Bumper,711010ZZ,850.00,2.0,INR,IN,boodmo.com,2026-07-04
Honda,City,Front Door,670500ZZ,20837.00,3.5,INR,IN,boodmo.com,2026-07-04
Honda,City,Front Fender,602100ZZ,2725.00,2.5,INR,IN,boodmo.com,2026-07-04
Honda,City,Front Grill,HC-CITY(2GRILL-LWR,499.00,1.0,INR,IN,boodmo.com,2026-07-04
Honda,City,Headlamp,331K01,3378.00,1.5,INR,IN,boodmo.com,2026-07-04
Honda,City,Hood,741T11,699.00,3.0,INR,IN,boodmo.com,2026-07-04
Honda,City,Indicator Lamp,338G01,509.00,0.6,INR,IN,boodmo.com,2026-07-04
Honda,City,Quarter Panel,645200ZZ,453.00,3.0,INR,IN,boodmo.com,2026-07-04
Honda,City,Radiator Support,195000,18.00,2.0,INR,IN,boodmo.com,2026-07-04
Honda,City,Rear Bumper,715000ZZ,3054.00,2.0,INR,IN,boodmo.com,2026-07-04
Honda,City,Rear Door,671100ZZ,4715.00,3.0,INR,IN,boodmo.com,2026-07-04
Honda,City,Rear Fender,602100ZZ,2725.00,2.5,INR,IN,boodmo.com,2026-07-04
Honda,City,Rear Glass,732T10,3894.00,2.0,INR,IN,boodmo.com,2026-07-04
Honda,City,Roof Panel,621000ZZ,10388.00,4.0,INR,IN,boodmo.com,2026-07-04
Honda,City,Side Mirror,CI5L,1335.00,0.8,INR,IN,boodmo.com,2026-07-04
Honda,City,Side Skirt,GF78,469.00,1.5,INR,IN,boodmo.com,2026-07-04
Honda,City,Tail Lamp,AG-L,1091.00,1.0,INR,IN,boodmo.com,2026-07-04
Honda,City,Tire,HONCIT-TR-013,5850.00,0.5,INR,IN,seed_india_v1,2026-07-03
Honda,City,Trunk Lid,685010ZZ,7050.00,2.5,INR,IN,boodmo.com,2026-07-04
Honda,City,Wheel Rim,427N31,987.00,1.0,INR,IN,boodmo.com,2026-07-04
Honda,City,Windshield,731K01,5285.00,2.5,INR,IN,boodmo.com,2026-07-04
Honda,Civic,Bonnet Hinge,HDHR,957.00,1.0,INR,IN,boodmo.com,2026-07-04
Honda,Civic,Bumper Bracket,715A00,146.00,0.5,INR,IN,boodmo.com,2026-07-04
Honda,Civic,Door Handle,812231ZA,508.00,0.5,INR,IN,boodmo.com,2026-07-04
Honda,Civic,Fog Lamp,HDLAR,1789.00,0.8,INR,IN,boodmo.com,2026-07-04
Honda,Civic,Front Bumper,HFB,5072.00,2.0,INR,IN,boodmo.com,2026-07-04
Honda,Civic,Front Door,671105ZZ,14659.00,3.5,INR,IN,boodmo.com,2026-07-04
Honda,Civic,Front Fender,602600ZZ,8510.00,2.5,INR,IN,boodmo.com,2026-07-04
Honda,Civic,Front Grill,711900,1286.00,1.0,INR,IN,boodmo.com,2026-07-04
Honda,Civic,Headlamp,2171DEM2,5200.00,1.5,INR,IN,boodmo.com,2026-07-04
Honda,Civic,Hood,741E11,1711.00,3.0,INR,IN,boodmo.com,2026-07-04
Honda,Civic,Indicator Lamp,779Y01,293.00,0.6,INR,IN,boodmo.com,2026-07-04
Honda,Civic,Quarter Panel,631Z01,103.00,3.0,INR,IN,boodmo.com,2026-07-04
Honda,Civic,Radiator Support,191A00,174.00,2.0,INR,IN,boodmo.com,2026-07-04
Honda,Civic,Rear Bumper,HRB,5694.00,2.0,INR,IN,boodmo.com,2026-07-04
Honda,Civic,Rear Door,671105ZZ,14659.00,3.0,INR,IN,boodmo.com,2026-07-04
Honda,Civic,Rear Fender,602600ZZ,8510.00,2.5,INR,IN,boodmo.com,2026-07-04
Honda,Civic,Rear Glass,732D01,5571.00,2.0,INR,IN,boodmo.com,2026-07-04
Honda,Civic,Roof Panel,621010ZZ,18106.00,4.0,INR,IN,boodmo.com,2026-07-04
Honda,Civic,Side Mirror,762001ZA,3851.00,0.8,INR,IN,boodmo.com,2026-07-04
Honda,Civic,Side Skirt,718551ZA,5144.00,1.5,INR,IN,boodmo.com,2026-07-04
Honda,Civic,Tail Lamp,217L-UQ,2194.00,1.0,INR,IN,boodmo.com,2026-07-04
Honda,Civic,Trunk Lid,685000ZZ,20207.00,2.5,INR,IN,boodmo.com,2026-07-04
Honda,Civic,Wheel Rim,427T01,4467.00,1.0,INR,IN,boodmo.com,2026-07-04
Honda,Civic,Windshield,731K50,11487.00,2.5,INR,IN,boodmo.com,2026-07-04
Honda,Elevate,Side Skirt,RF45,651.00,1.5,INR,IN,boodmo.com,2026-07-04
Honda,Elevate,Tail Lamp,335K01,6394.00,1.0,INR,IN,boodmo.com,2026-07-04
Honda,Jazz,Bonnet Hinge,601200ZZ,638.00,1.0,INR,IN,boodmo.com,2026-07-04
Honda,Jazz,Bumper Bracket,711000,282.00,0.5,INR,IN,boodmo.com,2026-07-04
Honda,Jazz,Door Handle,721203ZA,397.00,0.5,INR,IN,boodmo.com,2026-07-04
Honda,Jazz,Fog Lamp,148-F17-SET,3570.00,0.8,INR,IN,boodmo.com,2026-07-04
Honda,Jazz,Front Bumper,047150ZZ,2824.00,2.0,INR,IN,boodmo.com,2026-07-04
Honda,Jazz,Front Door,671500ZZ,4631.00,3.5,INR,IN,boodmo.com,2026-07-04
Honda,Jazz,Front Fender,602100ZZ,3029.00,2.5,INR,IN,boodmo.com,2026-07-04
Honda,Jazz,Front Grill,711000,587.00,1.0,INR,IN,boodmo.com,2026-07-04
Honda,Jazz,Headlamp,148JZ-L,4713.00,1.5,INR,IN,boodmo.com,2026-07-04
Honda,Jazz,Hood,741K01,1519.00,3.0,INR,IN,boodmo.com,2026-07-04
Honda,Jazz,Indicator Lamp,343003,4528.00,0.6,INR,IN,boodmo.com,2026-07-04
Honda,Jazz,Quarter Panel,636H01,137.00,3.0,INR,IN,boodmo.com,2026-07-04
Honda,Jazz,Rear Bumper,047160ZZ,3395.00,2.0,INR,IN,boodmo.com,2026-07-04
Honda,Jazz,Rear Door,671500ZZ,4631.00,3.0,INR,IN,boodmo.com,2026-07-04
Honda,Jazz,Rear Fender,602100ZZ,3029.00,2.5,INR,IN,boodmo.com,2026-07-04
Honda,Jazz,Rear Glass,732K21,4922.00,2.0,INR,IN,boodmo.com,2026-07-04
Honda,Jazz,Roof Panel,621010ZZ,11911.00,4.0,INR,IN,boodmo.com,2026-07-04
Honda,Jazz,Side Mirror,762D11,2487.00,0.8,INR,IN,boodmo.com,2026-07-04
Honda,Jazz,Side Skirt,GF91,508.00,1.5,INR,IN,boodmo.com,2026-07-04
Honda,Jazz,Tail Lamp,148-RC-UPR-L,962.00,1.0,INR,IN,boodmo.com,2026-07-04
Honda,Jazz,Trunk Lid,681010ZZ,6310.00,2.5,INR,IN,boodmo.com,2026-07-04
Honda,Jazz,Wheel Rim,427T01,976.00,1.0,INR,IN,boodmo.com,2026-07-04
Honda,Jazz,Windshield,731K01,4745.00,2.5,INR,IN,boodmo.com,2026-07-04
Honda,WR-V,Bonnet Hinge,601200ZZ,515.00,1.0,INR,IN,boodmo.com,2026-07-04
Honda,WR-V,Bumper Bracket,HC-WRV(-BMP-BKT,174.00,0.5,INR,IN,boodmo.com,2026-07-04
Honda,WR-V,Door Handle,748K01,667.00,0.5,INR,IN,boodmo.com,2026-07-04
Honda,WR-V,Fog Lamp,AG6-R,853.00,0.8,INR,IN,boodmo.com,2026-07-04
Honda,WR-V,Front Bumper,047110ZZ,3011.00,2.0,INR,IN,boodmo.com,2026-07-04
Honda,WR-V,Front Door,671500ZZ,5298.00,3.5,INR,IN,boodmo.com,2026-07-04
Honda,WR-V,Front Fender,602100ZZ,2862.00,2.5,INR,IN,boodmo.com,2026-07-04
Honda,WR-V,Front Grill,711K10,2225.00,1.0,INR,IN,boodmo.com,2026-07-04
Honda,WR-V,Headlamp,148-RV-L,11012.00,1.5,INR,IN,boodmo.com,2026-07-04
Honda,WR-V,Hood,741K01,1104.00,3.0,INR,IN,boodmo.com,2026-07-04
Honda,WR-V,Indicator Lamp,343003,4528.00,0.6,INR,IN,boodmo.com,2026-07-04
Honda,WR-V,Quarter Panel,621900ZZ,83.00,3.0,INR,IN,boodmo.com,2026-07-04
Honda,WR-V,Rear Bumper,715K10,4332.00,2.0,INR,IN,boodmo.com,2026-07-04
Honda,WR-V,Rear Door,671500ZZ,5298.00,3.0,INR,IN,boodmo.com,2026-07-04
Honda,WR-V,Rear Fender,602100ZZ,2862.00,2.5,INR,IN,boodmo.com,2026-07-04
Honda,WR-V,Rear Glass,732K01,6124.00,2.0,INR,IN,boodmo.com,2026-07-04
Honda,WR-V,Roof Panel,621060ZZ,9461.00,4.0,INR,IN,boodmo.com,2026-07-04
Honda,WR-V,Side Mirror,762D21,4077.00,0.8,INR,IN,boodmo.com,2026-07-04
Honda,WR-V,Side Skirt,GF99,508.00,1.5,INR,IN,boodmo.com,2026-07-04
Honda,WR-V,Tail Lamp,148-RV-TSR,1263.00,1.0,INR,IN,boodmo.com,2026-07-04
Honda,WR-V,Trunk Lid,681010ZZ,7292.00,2.5,INR,IN,boodmo.com,2026-07-04
Honda,WR-V,Wheel Rim,427T01,2008.00,1.0,INR,IN,boodmo.com,2026-07-04
Honda,WR-V,Windshield,731K01,4745.00,2.5,INR,IN,boodmo.com,2026-07-04
Hyundai,Alcazar,Bonnet Hinge,66000,826.00,1.0,INR,IN,boodmo.com,2026-07-04
Hyundai,Alcazar,Bumper Bracket,919120,25.00,0.5,INR,IN,boodmo.com,2026-07-04
Hyundai,Alcazar,Door Handle,81750NNB,64.00,0.5,INR,IN,boodmo.com,2026-07-04
Hyundai,Alcazar,Fog Lamp,081-FTA-20,6629.00,0.8,INR,IN,boodmo.com,2026-07-04
Hyundai,Alcazar,Front Bumper,86510,2685.00,2.0,INR,IN,boodmo.com,2026-07-04
Hyundai,Alcazar,Front Door,76700,14038.00,3.5,INR,IN,boodmo.com,2026-07-04
Hyundai,Alcazar,Front Fender,66000,2059.00,2.5,INR,IN,boodmo.com,2026-07-04
Hyundai,Alcazar,Front Grill,865300-CA,1118.00,1.0,INR,IN,boodmo.com,2026-07-04
Hyundai,Alcazar,Headlamp,921900,17926.00,1.5,INR,IN,boodmo.com,2026-07-04
Hyundai,Alcazar,Hood,81900,802.00,3.0,INR,IN,boodmo.com,2026-07-04
Hyundai,Alcazar,Indicator Lamp,87000,1223.00,0.6,INR,IN,boodmo.com,2026-07-04
Hyundai,Alcazar,Quarter Panel,711A30,9416.00,3.0,INR,IN,boodmo.com,2026-07-04
Hyundai,Alcazar,Radiator Support,641560,3289.00,2.0,INR,IN,boodmo.com,2026-07-04
Hyundai,Alcazar,Rear Bumper,866900,1424.00,2.0,INR,IN,boodmo.com,2026-07-04
Hyundai,Alcazar,Rear Door,77710,13384.00,3.0,INR,IN,boodmo.com,2026-07-04
Hyundai,Alcazar,Rear Fender,66000,2059.00,2.5,INR,IN,boodmo.com,2026-07-04
Hyundai,Alcazar,Rear Glass,87730,4241.00,2.0,INR,IN,boodmo.com,2026-07-04
Hyundai,Alcazar,Roof Panel,81001,7922.00,4.0,INR,IN,boodmo.com,2026-07-04
Hyundai,Alcazar,Side Mirror,87010,3524.00,0.8,INR,IN,boodmo.com,2026-07-04
Hyundai,Alcazar,Side Skirt,87310,1931.00,1.5,INR,IN,boodmo.com,2026-07-04
Hyundai,Alcazar,Tail Lamp,92600,8886.00,1.0,INR,IN,boodmo.com,2026-07-04
Hyundai,Alcazar,Trunk Lid,72710,12526.00,2.5,INR,IN,boodmo.com,2026-07-04
Hyundai,Alcazar,Wheel Rim,52800,1978.00,1.0,INR,IN,boodmo.com,2026-07-04
Hyundai,Alcazar,Windshield,861050,5131.00,2.5,INR,IN,boodmo.com,2026-07-04
Hyundai,Aura,Bonnet Hinge,66000,656.00,1.0,INR,IN,boodmo.com,2026-07-04
Hyundai,Aura,Bumper Bracket,971000,43.00,0.5,INR,IN,boodmo.com,2026-07-04
Hyundai,Aura,Door Handle,82000,167.00,0.5,INR,IN,boodmo.com,2026-07-04
Hyundai,Aura,Fog Lamp,92400,3395.00,0.8,INR,IN,boodmo.com,2026-07-04
Hyundai,Aura,Front Bumper,86400,1786.00,2.0,INR,IN,boodmo.com,2026-07-04
Hyundai,Aura,Front Door,76010,7599.00,3.5,INR,IN,boodmo.com,2026-07-04
Hyundai,Aura,Front Fender,66010,1694.00,2.5,INR,IN,boodmo.com,2026-07-04
Hyundai,Aura,Front Grill,975400,178.00,1.0,INR,IN,boodmo.com,2026-07-04
Hyundai,Aura,Headlamp,921040,4237.00,1.5,INR,IN,boodmo.com,2026-07-04
Hyundai,Aura,Hood,81180NNB,84.00,3.0,INR,IN,boodmo.com,2026-07-04
Hyundai,Aura,Indicator Lamp,92000,370.00,0.6,INR,IN,boodmo.com,2026-07-04
Hyundai,Aura,Quarter Panel,716470,9259.00,3.0,INR,IN,boodmo.com,2026-07-04
Hyundai,Aura,Radiator Support,64100,4230.00,2.0,INR,IN,boodmo.com,2026-07-04
Hyundai,Aura,Rear Bumper,86440,2759.00,2.0,INR,IN,boodmo.com,2026-07-04
Hyundai,Aura,Rear Door,77400,21817.00,3.0,INR,IN,boodmo.com,2026-07-04
Hyundai,Aura,Rear Fender,66010,1694.00,2.5,INR,IN,boodmo.com,2026-07-04
Hyundai,Aura,Rear Glass,871420,2555.00,2.0,INR,IN,boodmo.com,2026-07-04
Hyundai,Aura,Roof Panel,67400,7244.00,4.0,INR,IN,boodmo.com,2026-07-04
Hyundai,Aura,Side Mirror,87600CA,1615.00,0.8,INR,IN,boodmo.com,2026-07-04
Hyundai,Aura,Side Skirt,GF28,507.00,1.5,INR,IN,boodmo.com,2026-07-04
Hyundai,Aura,Tail Lamp,92400,3740.00,1.0,INR,IN,boodmo.com,2026-07-04
Hyundai,Aura,Trunk Lid,692420,4102.00,2.5,INR,IN,boodmo.com,2026-07-04
Hyundai,Aura,Wheel Rim,52900,922.00,1.0,INR,IN,boodmo.com,2026-07-04
Hyundai,Aura,Windshield,86000,3876.00,2.5,INR,IN,boodmo.com,2026-07-04
Hyundai,Creta,Bonnet Hinge,79000,614.00,1.0,INR,IN,boodmo.com,2026-07-04
Hyundai,Creta,Bumper Bracket,86000,63.00,0.5,INR,IN,boodmo.com,2026-07-04
Hyundai,Creta,Door Handle,826004X,450.00,0.5,INR,IN,boodmo.com,2026-07-04
Hyundai,Creta,Fog Lamp,92000,1100.00,0.8,INR,IN,boodmo.com,2026-07-04
Hyundai,Creta,Front Bumper,86500,1765.00,2.0,INR,IN,boodmo.com,2026-07-04
Hyundai,Creta,Front Door,761000,4836.00,3.5,INR,IN,boodmo.com,2026-07-04
Hyundai,Creta,Front Fender,66000,2059.00,2.5,INR,IN,boodmo.com,2026-07-04
Hyundai,Creta,Front Grill,86000,738.00,1.0,INR,IN,boodmo.com,2026-07-04
Hyundai,Creta,Headlamp,92000,5445.00,1.5,INR,IN,boodmo.com,2026-07-04
Hyundai,Creta,Hood,81900,802.00,3.0,INR,IN,boodmo.com,2026-07-04
Hyundai,Creta,Indicator Lamp,92000,512.00,0.6,INR,IN,boodmo.com,2026-07-04
Hyundai,Creta,Quarter Panel,716100,16375.00,3.0,INR,IN,boodmo.com,2026-07-04
Hyundai,Creta,Radiator Support,641560,3289.00,2.0,INR,IN,boodmo.com,2026-07-04
Hyundai,Creta,Rear Bumper,866800,818.00,2.0,INR,IN,boodmo.com,2026-07-04
Hyundai,Creta,Rear Door,771000,4836.00,3.0,INR,IN,boodmo.com,2026-07-04
Hyundai,Creta,Rear Fender,66000,2059.00,2.5,INR,IN,boodmo.com,2026-07-04
Hyundai,Creta,Rear Glass,87000,2177.00,2.0,INR,IN,boodmo.com,2026-07-04
Hyundai,Creta,Roof Panel,67000,5877.00,4.0,INR,IN,boodmo.com,2026-07-04
Hyundai,Creta,Side Mirror,CI5R,1939.00,0.8,INR,IN,boodmo.com,2026-07-04
Hyundai,Creta,Side Skirt,GF31,507.00,1.5,INR,IN,boodmo.com,2026-07-04
Hyundai,Creta,Tail Lamp,12LU,3515.00,1.0,INR,IN,boodmo.com,2026-07-04
Hyundai,Creta,Tire,HYUCRE-TR-013,5625.00,0.5,INR,IN,seed_india_v1,2026-07-03
Hyundai,Creta,Trunk Lid,72000,9462.00,2.5,INR,IN,boodmo.com,2026-07-04
Hyundai,Creta,Wheel Rim,52000,1674.00,1.0,INR,IN,boodmo.com,2026-07-04
Hyundai,Creta,Windshield,861050,5131.00,2.5,INR,IN,boodmo.com,2026-07-04
Hyundai,Exter,Bonnet Hinge,669600,647.00,1.0,INR,IN,boodmo.com,2026-07-04
Hyundai,Exter,Bumper Bracket,971000,43.00,0.5,INR,IN,boodmo.com,2026-07-04
Hyundai,Exter,Door Handle,826650,358.00,0.5,INR,IN,boodmo.com,2026-07-04
Hyundai,Exter,Fog Lamp,924700,187.00,0.8,INR,IN,boodmo.com,2026-07-04
Hyundai,Exter,Front Door,760600,8416.00,3.5,INR,IN,boodmo.com,2026-07-04
Hyundai,Exter,Front Fender,663700,1546.00,2.5,INR,IN,boodmo.com,2026-07-04
Hyundai,Exter,Front Grill,975400,178.00,1.0,INR,IN,boodmo.com,2026-07-04
Hyundai,Exter,Headlamp,921710,5231.00,1.5,INR,IN,boodmo.com,2026-07-04
Hyundai,Exter,Hood,81180NNB,84.00,3.0,INR,IN,boodmo.com,2026-07-04
Hyundai,Exter,Indicator Lamp,876000,2563.00,0.6,INR,IN,boodmo.com,2026-07-04
Hyundai,Exter,Radiator Support,641700,5911.00,2.0,INR,IN,boodmo.com,2026-07-04
Hyundai,Exter,Rear Bumper,866700,2268.00,2.0,INR,IN,boodmo.com,2026-07-04
Hyundai,Exter,Rear Door,770600,8821.00,3.0,INR,IN,boodmo.com,2026-07-04
Hyundai,Exter,Rear Fender,663700,1546.00,2.5,INR,IN,boodmo.com,2026-07-04
Hyundai,Exter,Rear Glass,871730,2601.00,2.0,INR,IN,boodmo.com,2026-07-04
Hyundai,Exter,Roof Panel,671700,6834.00,4.0,INR,IN,boodmo.com,2026-07-04
Hyundai,Exter,Side Mirror,876700,3365.00,0.8,INR,IN,boodmo.com,2026-07-04
Hyundai,Exter,Side Skirt,RF43,651.00,1.5,INR,IN,boodmo.com,2026-07-04
Hyundai,Exter,Tail Lamp,924700,5061.00,1.0,INR,IN,boodmo.com,2026-07-04
Hyundai,Exter,Trunk Lid,728610,5185.00,2.5,INR,IN,boodmo.com,2026-07-04
Hyundai,Exter,Wheel Rim,529000,1029.00,1.0,INR,IN,boodmo.com,2026-07-04
Hyundai,Exter,Windshield,861700,4412.00,2.5,INR,IN,boodmo.com,2026-07-04
Hyundai,Grand i10 Nios,Bonnet Hinge,791000,344.00,1.0,INR,IN,boodmo.com,2026-07-04
Hyundai,Grand i10 Nios,Bumper Bracket,971000,43.00,0.5,INR,IN,boodmo.com,2026-07-04
Hyundai,Grand i10 Nios,Door Handle,O2R,148.00,0.5,INR,IN,boodmo.com,2026-07-04
Hyundai,Grand i10 Nios,Fog Lamp,081-FND10-L,913.00,0.8,INR,IN,boodmo.com,2026-07-04
Hyundai,Grand i10 Nios,Front Bumper,86010,1631.00,2.0,INR,IN,boodmo.com,2026-07-04
Hyundai,Grand i10 Nios,Front Door,760010,5287.00,3.5,INR,IN,boodmo.com,2026-07-04
Hyundai,Grand i10 Nios,Front Fender,663010,1409.00,2.5,INR,IN,boodmo.com,2026-07-04
Hyundai,Grand i10 Nios,Front Grill,975400,178.00,1.0,INR,IN,boodmo.com,2026-07-04
Hyundai,Grand i10 Nios,Headlamp,HL6OL,1518.00,1.5,INR,IN,boodmo.com,2026-07-04
Hyundai,Grand i10 Nios,Hood,81180NNB,84.00,3.0,INR,IN,boodmo.com,2026-07-04
Hyundai,Grand i10 Nios,Indicator Lamp,92000,250.00,0.6,INR,IN,boodmo.com,2026-07-04
Hyundai,Grand i10 Nios,Quarter Panel,71400,8678.00,3.0,INR,IN,boodmo.com,2026-07-04
Hyundai,Grand i10 Nios,Radiator Support,HYFTM,2708.00,2.0,INR,IN,boodmo.com,2026-07-04
Hyundai,Grand i10 Nios,Rear Bumper,86000,364.00,2.0,INR,IN,boodmo.com,2026-07-04
Hyundai,Grand i10 Nios,Rear Door,77400,6409.00,3.0,INR,IN,boodmo.com,2026-07-04
Hyundai,Grand i10 Nios,Rear Fender,663010,1409.00,2.5,INR,IN,boodmo.com,2026-07-04
Hyundai,Grand i10 Nios,Rear Glass,871000,2659.00,2.0,INR,IN,boodmo.com,2026-07-04
Hyundai,Grand i10 Nios,Roof Panel,671000,6243.00,4.0,INR,IN,boodmo.com,2026-07-04
Hyundai,Grand i10 Nios,Side Mirror,ARV695,878.00,0.8,INR,IN,boodmo.com,2026-07-04
Hyundai,Grand i10 Nios,Side Skirt,GF26,469.00,1.5,INR,IN,boodmo.com,2026-07-04
Hyundai,Grand i10 Nios,Tail Lamp,AG-R,1171.00,1.0,INR,IN,boodmo.com,2026-07-04
Hyundai,Grand i10 Nios,Trunk Lid,72020,3720.00,2.5,INR,IN,boodmo.com,2026-07-04
Hyundai,Grand i10 Nios,Wheel Rim,52900,922.00,1.0,INR,IN,boodmo.com,2026-07-04
Hyundai,Grand i10 Nios,Windshield,86930,3177.00,2.5,INR,IN,boodmo.com,2026-07-04
Hyundai,Tucson,Bonnet Hinge,79100,3690.00,1.0,INR,IN,boodmo.com,2026-07-04
Hyundai,Tucson,Bumper Bracket,971000,46.00,0.5,INR,IN,boodmo.com,2026-07-04
Hyundai,Tucson,Door Handle,81700LM,66.00,0.5,INR,IN,boodmo.com,2026-07-04
Hyundai,Tucson,Fog Lamp,9212,3606.00,0.8,INR,IN,boodmo.com,2026-07-04
Hyundai,Tucson,Front Bumper,86500,21407.00,2.0,INR,IN,boodmo.com,2026-07-04
Hyundai,Tucson,Front Door,76050,18600.00,3.5,INR,IN,boodmo.com,2026-07-04
Hyundai,Tucson,Front Fender,66110,5693.00,2.5,INR,IN,boodmo.com,2026-07-04
Hyundai,Tucson,Front Grill,86000,3255.00,1.0,INR,IN,boodmo.com,2026-07-04
Hyundai,Tucson,Headlamp,HYAR,3991.00,1.5,INR,IN,boodmo.com,2026-07-04
Hyundai,Tucson,Hood,811010,277.00,3.0,INR,IN,boodmo.com,2026-07-04
Hyundai,Tucson,Indicator Lamp,AG-Y,214.00,0.6,INR,IN,boodmo.com,2026-07-04
Hyundai,Tucson,Quarter Panel,715110,10354.00,3.0,INR,IN,boodmo.com,2026-07-04
Hyundai,Tucson,Radiator Support,17HA0,850.00,2.0,INR,IN,boodmo.com,2026-07-04
Hyundai,Tucson,Rear Bumper,866130,14253.00,2.0,INR,IN,boodmo.com,2026-07-04
Hyundai,Tucson,Rear Door,77050,19260.00,3.0,INR,IN,boodmo.com,2026-07-04
Hyundai,Tucson,Rear Fender,66110,5693.00,2.5,INR,IN,boodmo.com,2026-07-04
Hyundai,Tucson,Rear Glass,87000,18681.00,2.0,INR,IN,boodmo.com,2026-07-04
Hyundai,Tucson,Roof Panel,67010,63797.00,4.0,INR,IN,boodmo.com,2026-07-04
Hyundai,Tucson,Side Mirror,87500,8455.00,0.8,INR,IN,boodmo.com,2026-07-04
Hyundai,Tucson,Side Skirt,87750SMS,13524.00,1.5,INR,IN,boodmo.com,2026-07-04
Hyundai,Tucson,Tail Lamp,92060,9155.00,1.0,INR,IN,boodmo.com,2026-07-04
Hyundai,Tucson,Trunk Lid,73520,49645.00,2.5,INR,IN,boodmo.com,2026-07-04
Hyundai,Tucson,Wheel Rim,52000,2016.00,1.0,INR,IN,boodmo.com,2026-07-04
Hyundai,Tucson,Windshield,86800,12796.00,2.5,INR,IN,boodmo.com,2026-07-04
Hyundai,Venue,Bonnet Hinge,669010,1192.00,1.0,INR,IN,boodmo.com,2026-07-04
Hyundai,Venue,Bumper Bracket,919120,25.00,0.5,INR,IN,boodmo.com,2026-07-04
Hyundai,Venue,Door Handle,826000,502.00,0.5,INR,IN,boodmo.com,2026-07-04
Hyundai,Venue,Fog Lamp,924500,1121.00,0.8,INR,IN,boodmo.com,2026-07-04
Hyundai,Venue,Front Bumper,865000,3183.00,2.0,INR,IN,boodmo.com,2026-07-04
Hyundai,Venue,Front Door,760000,13166.00,3.5,INR,IN,boodmo.com,2026-07-04
Hyundai,Venue,Front Fender,663050,1966.00,2.5,INR,IN,boodmo.com,2026-07-04
Hyundai,Venue,Front Grill,975200,1108.00,1.0,INR,IN,boodmo.com,2026-07-04
Hyundai,Venue,Headlamp,921200,5436.00,1.5,INR,IN,boodmo.com,2026-07-04
Hyundai,Venue,Hood,811900,1441.00,3.0,INR,IN,boodmo.com,2026-07-04
Hyundai,Venue,Indicator Lamp,GX72,492.00,0.6,INR,IN,boodmo.com,2026-07-04
Hyundai,Venue,Quarter Panel,716500,10306.00,3.0,INR,IN,boodmo.com,2026-07-04
Hyundai,Venue,Radiator Support,641000,7417.00,2.0,INR,IN,boodmo.com,2026-07-04
Hyundai,Venue,Rear Bumper,866000,1394.00,2.0,INR,IN,boodmo.com,2026-07-04
Hyundai,Venue,Rear Door,770000,12072.00,3.0,INR,IN,boodmo.com,2026-07-04
Hyundai,Venue,Rear Fender,663050,1966.00,2.5,INR,IN,boodmo.com,2026-07-04
Hyundai,Venue,Rear Glass,87020,3842.00,2.0,INR,IN,boodmo.com,2026-07-04
Hyundai,Venue,Roof Panel,671000,7244.00,4.0,INR,IN,boodmo.com,2026-07-04
Hyundai,Venue,Side Mirror,876100CA,1378.00,0.8,INR,IN,boodmo.com,2026-07-04
Hyundai,Venue,Side Skirt,GF25,469.00,1.5,INR,IN,boodmo.com,2026-07-04
Hyundai,Venue,Tail Lamp,924500,1121.00,1.0,INR,IN,boodmo.com,2026-07-04
Hyundai,Venue,Trunk Lid,728000,8226.00,2.5,INR,IN,boodmo.com,2026-07-04
Hyundai,Venue,Wheel Rim,529000,1151.00,1.0,INR,IN,boodmo.com,2026-07-04
Hyundai,Venue,Windshield,861000,5013.00,2.5,INR,IN,boodmo.com,2026-07-04
Hyundai,Verna,Bonnet Hinge,79000,337.00,1.0,INR,IN,boodmo.com,2026-07-04
Hyundai,Verna,Bumper Bracket,86500,45.00,0.5,INR,IN,boodmo.com,2026-07-04
Hyundai,Verna,Door Handle,OA4R,94.00,0.5,INR,IN,boodmo.com,2026-07-04
Hyundai,Verna,Fog Lamp,AG8-R,765.00,0.8,INR,IN,boodmo.com,2026-07-04
Hyundai,Verna,Front Bumper,86000,2056.00,2.0,INR,IN,boodmo.com,2026-07-04
Hyundai,Verna,Front Door,76000,5502.00,3.5,INR,IN,boodmo.com,2026-07-04
Hyundai,Verna,Front Fender,663950,1649.00,2.5,INR,IN,boodmo.com,2026-07-04
Hyundai,Verna,Front Grill,86000,362.00,1.0,INR,IN,boodmo.com,2026-07-04
Hyundai,Verna,Headlamp,HL2M,2317.00,1.5,INR,IN,boodmo.com,2026-07-04
Hyundai,Verna,Hood,81500,284.00,3.0,INR,IN,boodmo.com,2026-07-04
Hyundai,Verna,Indicator Lamp,HYAR,234.00,0.6,INR,IN,boodmo.com,2026-07-04
Hyundai,Verna,Quarter Panel,71000,8876.00,3.0,INR,IN,boodmo.com,2026-07-04
Hyundai,Verna,Radiator Support,17HA0,850.00,2.0,INR,IN,boodmo.com,2026-07-04
Hyundai,Verna,Rear Bumper,86500,705.00,2.0,INR,IN,boodmo.com,2026-07-04
Hyundai,Verna,Rear Door,77000,6446.00,3.0,INR,IN,boodmo.com,2026-07-04
Hyundai,Verna,Rear Fender,663950,1649.00,2.5,INR,IN,boodmo.com,2026-07-04
Hyundai,Verna,Rear Glass,871010,2854.00,2.0,INR,IN,boodmo.com,2026-07-04
Hyundai,Verna,Roof Panel,67050,5997.00,4.0,INR,IN,boodmo.com,2026-07-04
Hyundai,Verna,Side Mirror,CI9L,1391.00,0.8,INR,IN,boodmo.com,2026-07-04
Hyundai,Verna,Side Skirt,GF06,508.00,1.5,INR,IN,boodmo.com,2026-07-04
Hyundai,Verna,Tail Lamp,KK-27 LH,1464.00,1.0,INR,IN,boodmo.com,2026-07-04
Hyundai,Verna,Trunk Lid,692000,4206.00,2.5,INR,IN,boodmo.com,2026-07-04
Hyundai,Verna,Wheel Rim,52000,1111.00,1.0,INR,IN,boodmo.com,2026-07-04
Hyundai,Verna,Windshield,86000,3599.00,2.5,INR,IN,boodmo.com,2026-07-04
Hyundai,i20,Bonnet Hinge,79500,321.00,1.0,INR,IN,boodmo.com,2026-07-04
Hyundai,i20,Bumper Bracket,86510,44.00,0.5,INR,IN,boodmo.com,2026-07-04
Hyundai,i20,Door Handle,OA8R,133.00,0.5,INR,IN,boodmo.com,2026-07-04
Hyundai,i20,Fog Lamp,081-FF-ELT1-R,646.00,0.8,INR,IN,boodmo.com,2026-07-04
Hyundai,i20,Front Bumper,86700,1649.00,2.0,INR,IN,boodmo.com,2026-07-04
Hyundai,i20,Front Door,76011,5225.00,3.5,INR,IN,boodmo.com,2026-07-04
Hyundai,i20,Front Fender,66050,1465.00,2.5,INR,IN,boodmo.com,2026-07-04
Hyundai,i20,Front Grill,86000,408.00,1.0,INR,IN,boodmo.com,2026-07-04
Hyundai,i20,Headlamp,081-H0-T1-L,2738.00,1.5,INR,IN,boodmo.com,2026-07-04
Hyundai,i20,Hood,81000,309.00,3.0,INR,IN,boodmo.com,2026-07-04
Hyundai,i20,Indicator Lamp,92000,323.00,0.6,INR,IN,boodmo.com,2026-07-04
Hyundai,i20,Quarter Panel,71110,9164.00,3.0,INR,IN,boodmo.com,2026-07-04
Hyundai,i20,Radiator Support,17HA0,850.00,2.0,INR,IN,boodmo.com,2026-07-04
Hyundai,i20,Rear Bumper,86010,1501.00,2.0,INR,IN,boodmo.com,2026-07-04
Hyundai,i20,Rear Door,77020,7050.00,3.0,INR,IN,boodmo.com,2026-07-04
Hyundai,i20,Rear Fender,66050,1465.00,2.5,INR,IN,boodmo.com,2026-07-04
Hyundai,i20,Rear Glass,87060,2340.00,2.0,INR,IN,boodmo.com,2026-07-04
Hyundai,i20,Roof Panel,67000,5888.00,4.0,INR,IN,boodmo.com,2026-07-04
Hyundai,i20,Side Mirror,CI6R,1139.00,0.8,INR,IN,boodmo.com,2026-07-04
Hyundai,i20,Side Skirt,GF81,507.00,1.5,INR,IN,boodmo.com,2026-07-04
Hyundai,i20,Tail Lamp,AG-R,1571.00,1.0,INR,IN,boodmo.com,2026-07-04
Hyundai,i20,Tire,HYUI20-TR-013,4950.00,0.5,INR,IN,seed_india_v1,2026-07-03
Hyundai,i20,Trunk Lid,73000,4238.00,2.5,INR,IN,boodmo.com,2026-07-04
Hyundai,i20,Wheel Rim,52910_DAM1,866.00,1.0,INR,IN,boodmo.com,2026-07-04
Hyundai,i20,Windshield,86080,3307.00,2.5,INR,IN,boodmo.com,2026-07-04
Kia,Carens,Bumper Bracket,971000,46.00,0.5,INR,IN,boodmo.com,2026-07-04
Kia,Carens,Front Door,76000,10799.00,3.5,INR,IN,boodmo.com,2026-07-04
Kia,Carens,Headlamp,92000,9599.00,1.5,INR,IN,boodmo.com,2026-07-04
Kia,Carens,Rear Door,76000,10799.00,3.0,INR,IN,boodmo.com,2026-07-04
Kia,Carens,Side Skirt,RF21,495.00,1.5,INR,IN,boodmo.com,2026-07-04
Kia,Carens,Tail Lamp,92100,5999.00,1.0,INR,IN,boodmo.com,2026-07-04
Kia,Carens,Trunk Lid,76000,10799.00,2.5,INR,IN,boodmo.com,2026-07-04
Kia,Carens,Wheel Rim,52000,1674.00,1.0,INR,IN,boodmo.com,2026-07-04
Kia,Carnival,Fog Lamp,92600,7099.00,0.8,INR,IN,boodmo.com,2026-07-04
Kia,Carnival,Headlamp,92740,73999.00,1.5,INR,IN,boodmo.com,2026-07-04
Kia,Carnival,Hood,81900,4254.00,3.0,INR,IN,boodmo.com,2026-07-04
Kia,Carnival,Indicator Lamp,87000,5172.00,0.6,INR,IN,boodmo.com,2026-07-04
Kia,Carnival,Side Skirt,GF33,508.00,1.5,INR,IN,boodmo.com,2026-07-04
Kia,EV6,Bumper Bracket,92500,687.00,0.5,INR,IN,boodmo.com,2026-07-04
Kia,Seltos,Bonnet Hinge,KIASEL-BH-021,1408.00,1.0,INR,IN,seed_india_v1,2026-07-03
Kia,Seltos,Bumper Bracket,971000,43.00,0.5,INR,IN,boodmo.com,2026-07-04
Kia,Seltos,Door Handle,83100,3188.00,0.5,INR,IN,boodmo.com,2026-07-04
Kia,Seltos,Fog Lamp,FL-SICECB,7005.00,0.8,INR,IN,boodmo.com,2026-07-04
Kia,Seltos,Front Bumper,KIBL,3088.00,2.0,INR,IN,boodmo.com,2026-07-04
Kia,Seltos,Front Door,72000,14592.00,3.5,INR,IN,boodmo.com,2026-07-04
Kia,Seltos,Front Fender,66000,3547.00,2.5,INR,IN,boodmo.com,2026-07-04
Kia,Seltos,Front Grill,975200,1108.00,1.0,INR,IN,boodmo.com,2026-07-04
Kia,Seltos,Headlamp,92200,27729.00,1.5,INR,IN,boodmo.com,2026-07-04
Kia,Seltos,Hood,KIASEL-HD-011,13440.00,3.0,INR,IN,seed_india_v1,2026-07-03
Kia,Seltos,Indicator Lamp,923000,545.00,0.6,INR,IN,boodmo.com,2026-07-04
Kia,Seltos,Quarter Panel,71000,276.00,3.0,INR,IN,boodmo.com,2026-07-04
Kia,Seltos,Radiator Support,KIASEL-RS-018,7168.00,2.0,INR,IN,seed_india_v1,2026-07-03
Kia,Seltos,Rear Bumper,KIASEL-RB-002,9984.00,2.0,INR,IN,seed_india_v1,2026-07-03
Kia,Seltos,Rear Door,72000,14592.00,3.0,INR,IN,boodmo.com,2026-07-04
Kia,Seltos,Rear Fender,66000,3547.00,2.5,INR,IN,boodmo.com,2026-07-04
Kia,Seltos,Rear Glass,KIASEL-RG-024,9216.00,2.0,INR,IN,seed_india_v1,2026-07-03
Kia,Seltos,Roof Panel,KIASEL-RP-017,17920.00,4.0,INR,IN,seed_india_v1,2026-07-03
Kia,Seltos,Side Mirror,87000,3079.00,0.8,INR,IN,boodmo.com,2026-07-04
Kia,Seltos,Side Skirt,RF19,712.00,1.5,INR,IN,boodmo.com,2026-07-04
Kia,Seltos,Tail Lamp,92000,2107.00,1.0,INR,IN,boodmo.com,2026-07-04
Kia,Seltos,Tire,KIASEL-TR-013,5760.00,0.5,INR,IN,seed_india_v1,2026-07-03
Kia,Seltos,Trunk Lid,72000,14592.00,2.5,INR,IN,boodmo.com,2026-07-04
Kia,Seltos,Wheel Rim,52000,1674.00,1.0,INR,IN,boodmo.com,2026-07-04
Kia,Seltos,Windshield,KIASEL-WS-007,12160.00,2.5,INR,IN,seed_india_v1,2026-07-03
Kia,Sonet,Bumper Bracket,971000,46.00,0.5,INR,IN,boodmo.com,2026-07-04
Kia,Sonet,Front Grill,975200,1108.00,1.0,INR,IN,boodmo.com,2026-07-04
Kia,Sonet,Headlamp,92100,34431.00,1.5,INR,IN,boodmo.com,2026-07-04
Kia,Sonet,Indicator Lamp,923000,545.00,0.6,INR,IN,boodmo.com,2026-07-04
Kia,Sonet,Side Skirt,GF32,450.00,1.5,INR,IN,boodmo.com,2026-07-04
MG,Astor,Bonnet Hinge,1151SEPP,2168.00,1.0,INR,IN,boodmo.com,2026-07-04
MG,Astor,Bumper Bracket,124,42.00,0.5,INR,IN,boodmo.com,2026-07-04
MG,Astor,Door Handle,102-LC,118.00,0.5,INR,IN,boodmo.com,2026-07-04
MG,Astor,Fog Lamp,409-F-A-FR,1307.00,0.8,INR,IN,boodmo.com,2026-07-04
MG,Astor,Front Bumper,1092SPRP,3329.00,2.0,INR,IN,boodmo.com,2026-07-04
MG,Astor,Front Door,104P,8882.00,3.5,INR,IN,boodmo.com,2026-07-04
MG,Astor,Front Fender,1029SEPP,4052.00,2.5,INR,IN,boodmo.com,2026-07-04
MG,Astor,Front Grill,121,1275.00,1.0,INR,IN,boodmo.com,2026-07-04
MG,Astor,Headlamp,197,12684.00,1.5,INR,IN,boodmo.com,2026-07-04
MG,Astor,Hood,124,1825.00,3.0,INR,IN,boodmo.com,2026-07-04
MG,Astor,Indicator Lamp,198,1643.00,0.6,INR,IN,boodmo.com,2026-07-04
MG,Astor,Quarter Panel,1027SEPP,1036.00,3.0,INR,IN,boodmo.com,2026-07-04
MG,Astor,Radiator Support,1696,127.00,2.0,INR,IN,boodmo.com,2026-07-04
MG,Astor,Rear Bumper,1092SPRP,2873.00,2.0,INR,IN,boodmo.com,2026-07-04
MG,Astor,Rear Door,104P,8882.00,3.0,INR,IN,boodmo.com,2026-07-04
MG,Astor,Rear Fender,1029SEPP,4052.00,2.5,INR,IN,boodmo.com,2026-07-04
MG,Astor,Roof Panel,106-ASA,92287.00,4.0,INR,IN,boodmo.com,2026-07-04
MG,Astor,Side Mirror,115,6499.00,0.8,INR,IN,boodmo.com,2026-07-04
MG,Astor,Side Skirt,103-ASA,83.00,1.5,INR,IN,boodmo.com,2026-07-04
MG,Astor,Tail Lamp,129,9926.00,1.0,INR,IN,boodmo.com,2026-07-04
MG,Astor,Trunk Lid,104P,8882.00,2.5,INR,IN,boodmo.com,2026-07-04
MG,Astor,Wheel Rim,121,2308.00,1.0,INR,IN,boodmo.com,2026-07-04
MG,Astor,Windshield,197,6220.00,2.5,INR,IN,boodmo.com,2026-07-04
MG,Comet EV,Bonnet Hinge,245,1760.00,1.0,INR,IN,boodmo.com,2026-07-04
MG,Comet EV,Bumper Bracket,228,482.00,0.5,INR,IN,boodmo.com,2026-07-04
MG,Comet EV,Door Handle,240,295.00,0.5,INR,IN,boodmo.com,2026-07-04
MG,Comet EV,Fog Lamp,263,1699.00,0.8,INR,IN,boodmo.com,2026-07-04
MG,Comet EV,Front Bumper,243,3041.00,2.0,INR,IN,boodmo.com,2026-07-04
MG,Comet EV,Front Door,247P,9331.00,3.5,INR,IN,boodmo.com,2026-07-04
MG,Comet EV,Front Fender,212,2712.00,2.5,INR,IN,boodmo.com,2026-07-04
MG,Comet EV,Front Grill,267,1061.00,1.0,INR,IN,boodmo.com,2026-07-04
MG,Comet EV,Headlamp,231,5168.00,1.5,INR,IN,boodmo.com,2026-07-04
MG,Comet EV,Hood,281,765.00,3.0,INR,IN,boodmo.com,2026-07-04
MG,Comet EV,Quarter Panel,264,1071.00,3.0,INR,IN,boodmo.com,2026-07-04
MG,Comet EV,Radiator Support,213,29.00,2.0,INR,IN,boodmo.com,2026-07-04
MG,Comet EV,Rear Bumper,250,3929.00,2.0,INR,IN,boodmo.com,2026-07-04
MG,Comet EV,Rear Door,247P,9331.00,3.0,INR,IN,boodmo.com,2026-07-04
MG,Comet EV,Rear Fender,212,2712.00,2.5,INR,IN,boodmo.com,2026-07-04
MG,Comet EV,Side Mirror,206,4746.00,0.8,INR,IN,boodmo.com,2026-07-04
MG,Comet EV,Side Skirt,216,576.00,1.5,INR,IN,boodmo.com,2026-07-04
MG,Comet EV,Tail Lamp,235,3058.00,1.0,INR,IN,boodmo.com,2026-07-04
MG,Comet EV,Trunk Lid,247P,9331.00,2.5,INR,IN,boodmo.com,2026-07-04
MG,Comet EV,Wheel Rim,293,1943.00,1.0,INR,IN,boodmo.com,2026-07-04
MG,Comet EV,Windshield,251,4859.00,2.5,INR,IN,boodmo.com,2026-07-04
MG,Gloster,Bonnet Hinge,C092,5904.00,1.0,INR,IN,boodmo.com,2026-07-04
MG,Gloster,Bumper Bracket,C056,409.00,0.5,INR,IN,boodmo.com,2026-07-04
MG,Gloster,Door Handle,C095,3538.00,0.5,INR,IN,boodmo.com,2026-07-04
MG,Gloster,Fog Lamp,C080,5069.00,0.8,INR,IN,boodmo.com,2026-07-04
MG,Gloster,Front Bumper,C028,18672.00,2.0,INR,IN,boodmo.com,2026-07-04
MG,Gloster,Front Door,C000-4100,25775.00,3.5,INR,IN,boodmo.com,2026-07-04
MG,Gloster,Front Fender,C058,16075.00,2.5,INR,IN,boodmo.com,2026-07-04
MG,Gloster,Front Grill,C020,3054.00,1.0,INR,IN,boodmo.com,2026-07-04
MG,Gloster,Headlamp,C091,83390.00,1.5,INR,IN,boodmo.com,2026-07-04
MG,Gloster,Hood,C037,14873.00,3.0,INR,IN,boodmo.com,2026-07-04
MG,Gloster,Quarter Panel,C001-4100,27001.00,3.0,INR,IN,boodmo.com,2026-07-04
MG,Gloster,Rear Bumper,C055,16474.00,2.0,INR,IN,boodmo.com,2026-07-04
MG,Gloster,Rear Door,C000-4100,25775.00,3.0,INR,IN,boodmo.com,2026-07-04
MG,Gloster,Rear Fender,C058,16075.00,2.5,INR,IN,boodmo.com,2026-07-04
MG,Gloster,Rear Glass,C069,28916.00,2.0,INR,IN,boodmo.com,2026-07-04
MG,Gloster,Roof Panel,C060,55838.00,4.0,INR,IN,boodmo.com,2026-07-04
MG,Gloster,Side Mirror,C055,26051.00,0.8,INR,IN,boodmo.com,2026-07-04
MG,Gloster,Side Skirt,C001-F060,24356.00,1.5,INR,IN,boodmo.com,2026-07-04
MG,Gloster,Tail Lamp,C023,8733.00,1.0,INR,IN,boodmo.com,2026-07-04
MG,Gloster,Trunk Lid,C010,44365.00,2.5,INR,IN,boodmo.com,2026-07-04
MG,Gloster,Windshield,C057,14539.00,2.5,INR,IN,boodmo.com,2026-07-04
MG,Hector,Bonnet Hinge,258,2090.00,1.0,INR,IN,boodmo.com,2026-07-04
MG,Hector,Bumper Bracket,249,249.00,0.5,INR,IN,boodmo.com,2026-07-04
MG,Hector,Door Handle,229,312.00,0.5,INR,IN,boodmo.com,2026-07-04
MG,Hector,Fog Lamp,211,1190.00,0.8,INR,IN,boodmo.com,2026-07-04
MG,Hector,Front Bumper,229,1219.00,2.0,INR,IN,boodmo.com,2026-07-04
MG,Hector,Front Door,239ED,8870.00,3.5,INR,IN,boodmo.com,2026-07-04
MG,Hector,Front Fender,239P,4373.00,2.5,INR,IN,boodmo.com,2026-07-04
MG,Hector,Front Grill,299,6448.00,1.0,INR,IN,boodmo.com,2026-07-04
MG,Hector,Headlamp,239,10126.00,1.5,INR,IN,boodmo.com,2026-07-04
MG,Hector,Hood,261,753.00,3.0,INR,IN,boodmo.com,2026-07-04
MG,Hector,Indicator Lamp,254,1121.00,0.6,INR,IN,boodmo.com,2026-07-04
MG,Hector,Quarter Panel,233,139.00,3.0,INR,IN,boodmo.com,2026-07-04
MG,Hector,Radiator Support,213,29.00,2.0,INR,IN,boodmo.com,2026-07-04
MG,Hector,Rear Bumper,245,5093.00,2.0,INR,IN,boodmo.com,2026-07-04
MG,Hector,Rear Door,239ED,8870.00,3.0,INR,IN,boodmo.com,2026-07-04
MG,Hector,Rear Fender,239P,4373.00,2.5,INR,IN,boodmo.com,2026-07-04
MG,Hector,Roof Panel,239P,16331.00,4.0,INR,IN,boodmo.com,2026-07-04
MG,Hector,Side Mirror,290,2939.00,0.8,INR,IN,boodmo.com,2026-07-04
MG,Hector,Side Skirt,RF07,120.00,1.5,INR,IN,boodmo.com,2026-07-04
MG,Hector,Tail Lamp,204,5565.00,1.0,INR,IN,boodmo.com,2026-07-04
MG,Hector,Trunk Lid,239ED,8870.00,2.5,INR,IN,boodmo.com,2026-07-04
MG,Hector,Wheel Rim,294,3709.00,1.0,INR,IN,boodmo.com,2026-07-04
MG,Hector,Windshield,73T,7849.00,2.5,INR,IN,boodmo.com,2026-07-04
MG,ZS EV,Bonnet Hinge,1151SEPP,2168.00,1.0,INR,IN,boodmo.com,2026-07-04
MG,ZS EV,Bumper Bracket,138,366.00,0.5,INR,IN,boodmo.com,2026-07-04
MG,ZS EV,Door Handle,102-LC,118.00,0.5,INR,IN,boodmo.com,2026-07-04
MG,ZS EV,Fog Lamp,103,1871.00,0.8,INR,IN,boodmo.com,2026-07-04
MG,ZS EV,Front Bumper,156,12330.00,2.0,INR,IN,boodmo.com,2026-07-04
MG,ZS EV,Front Door,104P,8882.00,3.5,INR,IN,boodmo.com,2026-07-04
MG,ZS EV,Front Fender,1029SEPP,4052.00,2.5,INR,IN,boodmo.com,2026-07-04
MG,ZS EV,Front Grill,157,4543.00,1.0,INR,IN,boodmo.com,2026-07-04
MG,ZS EV,Headlamp,126,13366.00,1.5,INR,IN,boodmo.com,2026-07-04
MG,ZS EV,Hood,120,3325.00,3.0,INR,IN,boodmo.com,2026-07-04
MG,ZS EV,Indicator Lamp,198,1643.00,0.6,INR,IN,boodmo.com,2026-07-04
MG,ZS EV,Quarter Panel,1092SEPP,3740.00,3.0,INR,IN,boodmo.com,2026-07-04
MG,ZS EV,Radiator Support,1696,127.00,2.0,INR,IN,boodmo.com,2026-07-04
MG,ZS EV,Rear Bumper,1092SPRP,2873.00,2.0,INR,IN,boodmo.com,2026-07-04
MG,ZS EV,Rear Door,104P,8882.00,3.0,INR,IN,boodmo.com,2026-07-04
MG,ZS EV,Rear Fender,1029SEPP,4052.00,2.5,INR,IN,boodmo.com,2026-07-04
MG,ZS EV,Roof Panel,106-ASA,92287.00,4.0,INR,IN,boodmo.com,2026-07-04
MG,ZS EV,Side Mirror,115,6499.00,0.8,INR,IN,boodmo.com,2026-07-04
MG,ZS EV,Side Skirt,103-ASA,83.00,1.5,INR,IN,boodmo.com,2026-07-04
MG,ZS EV,Tail Lamp,129,9926.00,1.0,INR,IN,boodmo.com,2026-07-04
MG,ZS EV,Trunk Lid,104P,8882.00,2.5,INR,IN,boodmo.com,2026-07-04
MG,ZS EV,Windshield,197,6220.00,2.5,INR,IN,boodmo.com,2026-07-04
Mahindra,Bolero,Bonnet Hinge,0102960N,419.00,1.0,INR,IN,boodmo.com,2026-07-04
Mahindra,Bolero,Bumper Bracket,01110N,50.00,0.5,INR,IN,boodmo.com,2026-07-04
Mahindra,Bolero,Door Handle,D06,135.00,0.5,INR,IN,boodmo.com,2026-07-04
Mahindra,Bolero,Fog Lamp,BR51,338.00,0.8,INR,IN,boodmo.com,2026-07-04
Mahindra,Bolero,Front Bumper,2302420N,3191.00,2.0,INR,IN,boodmo.com,2026-07-04
Mahindra,Bolero,Front Door,01050A,11055.00,3.5,INR,IN,boodmo.com,2026-07-04
Mahindra,Bolero,Front Fender,0102710NA,3242.00,2.5,INR,IN,boodmo.com,2026-07-04
Mahindra,Bolero,Front Grill,MHGB,564.00,1.0,INR,IN,boodmo.com,2026-07-04
Mahindra,Bolero,Headlamp,H8M,424.00,1.5,INR,IN,boodmo.com,2026-07-04
Mahindra,Bolero,Hood,CI83,172.00,3.0,INR,IN,boodmo.com,2026-07-04
Mahindra,Bolero,Indicator Lamp,1701021N,154.00,0.6,INR,IN,boodmo.com,2026-07-04
Mahindra,Bolero,Quarter Panel,01020NA,16.00,3.0,INR,IN,boodmo.com,2026-07-04
Mahindra,Bolero,Radiator Support,0304231N,49.00,2.0,INR,IN,boodmo.com,2026-07-04
Mahindra,Bolero,Rear Bumper,01170N,357.00,2.0,INR,IN,boodmo.com,2026-07-04
Mahindra,Bolero,Rear Door,0103840NA,9329.00,3.0,INR,IN,boodmo.com,2026-07-04
Mahindra,Bolero,Rear Fender,0102710NA,3242.00,2.5,INR,IN,boodmo.com,2026-07-04
Mahindra,Bolero,Rear Glass,0111010N,1186.00,2.0,INR,IN,boodmo.com,2026-07-04
Mahindra,Bolero,Roof Panel,0101360NA,6507.00,4.0,INR,IN,boodmo.com,2026-07-04
Mahindra,Bolero,Side Mirror,C2L,142.00,0.8,INR,IN,boodmo.com,2026-07-04
Mahindra,Bolero,Side Skirt,01020N,72.00,1.5,INR,IN,boodmo.com,2026-07-04
Mahindra,Bolero,Tail Lamp,047DBL-,197.00,1.0,INR,IN,boodmo.com,2026-07-04
Mahindra,Bolero,Trunk Lid,0104280A,6364.00,2.5,INR,IN,boodmo.com,2026-07-04
Mahindra,Bolero,Wheel Rim,0404592B,1857.00,1.0,INR,IN,boodmo.com,2026-07-04
Mahindra,Bolero,Windshield,0111250N,4831.00,2.5,INR,IN,boodmo.com,2026-07-04
Mahindra,Bolero Neo,Bonnet Hinge,0102960N,419.00,1.0,INR,IN,boodmo.com,2026-07-04
Mahindra,Bolero Neo,Bumper Bracket,01110N,50.00,0.5,INR,IN,boodmo.com,2026-07-04
Mahindra,Bolero Neo,Door Handle,D06,135.00,0.5,INR,IN,boodmo.com,2026-07-04
Mahindra,Bolero Neo,Fog Lamp,BR51,338.00,0.8,INR,IN,boodmo.com,2026-07-04
Mahindra,Bolero Neo,Front Bumper,2302420N,3191.00,2.0,INR,IN,boodmo.com,2026-07-04
Mahindra,Bolero Neo,Front Door,01050A,11055.00,3.5,INR,IN,boodmo.com,2026-07-04
Mahindra,Bolero Neo,Front Fender,0102710NA,3242.00,2.5,INR,IN,boodmo.com,2026-07-04
Mahindra,Bolero Neo,Front Grill,MHGB,564.00,1.0,INR,IN,boodmo.com,2026-07-04
Mahindra,Bolero Neo,Headlamp,H8M,424.00,1.5,INR,IN,boodmo.com,2026-07-04
Mahindra,Bolero Neo,Hood,CI83,172.00,3.0,INR,IN,boodmo.com,2026-07-04
Mahindra,Bolero Neo,Indicator Lamp,1701021N,154.00,0.6,INR,IN,boodmo.com,2026-07-04
Mahindra,Bolero Neo,Quarter Panel,01020NA,16.00,3.0,INR,IN,boodmo.com,2026-07-04
Mahindra,Bolero Neo,Radiator Support,0304231N,49.00,2.0,INR,IN,boodmo.com,2026-07-04
Mahindra,Bolero Neo,Rear Bumper,01170N,357.00,2.0,INR,IN,boodmo.com,2026-07-04
Mahindra,Bolero Neo,Rear Door,0103840NA,9329.00,3.0,INR,IN,boodmo.com,2026-07-04
Mahindra,Bolero Neo,Rear Fender,0102710NA,3242.00,2.5,INR,IN,boodmo.com,2026-07-04
Mahindra,Bolero Neo,Rear Glass,0111010N,1186.00,2.0,INR,IN,boodmo.com,2026-07-04
Mahindra,Bolero Neo,Roof Panel,0101360NA,6507.00,4.0,INR,IN,boodmo.com,2026-07-04
Mahindra,Bolero Neo,Side Mirror,C2L,142.00,0.8,INR,IN,boodmo.com,2026-07-04
Mahindra,Bolero Neo,Side Skirt,01020N,72.00,1.5,INR,IN,boodmo.com,2026-07-04
Mahindra,Bolero Neo,Tail Lamp,047DBL-,197.00,1.0,INR,IN,boodmo.com,2026-07-04
Mahindra,Bolero Neo,Trunk Lid,0104280A,6364.00,2.5,INR,IN,boodmo.com,2026-07-04
Mahindra,Bolero Neo,Wheel Rim,0404592B,1857.00,1.0,INR,IN,boodmo.com,2026-07-04
Mahindra,Bolero Neo,Windshield,0111250N,4831.00,2.5,INR,IN,boodmo.com,2026-07-04
Mahindra,Marazzo,Bonnet Hinge,0102650N,303.00,1.0,INR,IN,boodmo.com,2026-07-04
Mahindra,Marazzo,Bumper Bracket,0119710N,1372.00,0.5,INR,IN,boodmo.com,2026-07-04
Mahindra,Marazzo,Door Handle,2303150N,127.00,0.5,INR,IN,boodmo.com,2026-07-04
Mahindra,Marazzo,Fog Lamp,17061N,374.00,0.8,INR,IN,boodmo.com,2026-07-04
Mahindra,Marazzo,Front Bumper,0119050N,3649.00,2.0,INR,IN,boodmo.com,2026-07-04
Mahindra,Marazzo,Front Door,0103420A,1430.00,3.5,INR,IN,boodmo.com,2026-07-04
Mahindra,Marazzo,Front Fender,0102280A,2178.00,2.5,INR,IN,boodmo.com,2026-07-04
Mahindra,Marazzo,Front Grill,0108290N,2362.00,1.0,INR,IN,boodmo.com,2026-07-04
Mahindra,Marazzo,Headlamp,1701251N,5281.00,1.5,INR,IN,boodmo.com,2026-07-04
Mahindra,Marazzo,Hood,0114081N,418.00,3.0,INR,IN,boodmo.com,2026-07-04
Mahindra,Marazzo,Indicator Lamp,S010461N,564.00,0.6,INR,IN,boodmo.com,2026-07-04
Mahindra,Marazzo,Quarter Panel,0101820A,67.00,3.0,INR,IN,boodmo.com,2026-07-04
Mahindra,Marazzo,Radiator Support,0102380A,12803.00,2.0,INR,IN,boodmo.com,2026-07-04
Mahindra,Marazzo,Rear Bumper,2302360N,2016.00,2.0,INR,IN,boodmo.com,2026-07-04
Mahindra,Marazzo,Rear Door,0103420A,1430.00,3.0,INR,IN,boodmo.com,2026-07-04
Mahindra,Marazzo,Rear Fender,0102280A,2178.00,2.5,INR,IN,boodmo.com,2026-07-04
Mahindra,Marazzo,Rear Glass,0111230N,3000.00,2.0,INR,IN,boodmo.com,2026-07-04
Mahindra,Marazzo,Roof Panel,0101890A,13863.00,4.0,INR,IN,boodmo.com,2026-07-04
Mahindra,Marazzo,Side Mirror,0109271N,3458.00,0.8,INR,IN,boodmo.com,2026-07-04
Mahindra,Marazzo,Side Skirt,GF16,508.00,1.5,INR,IN,boodmo.com,2026-07-04
Mahindra,Marazzo,Tail Lamp,1703221N,3677.00,1.0,INR,IN,boodmo.com,2026-07-04
Mahindra,Marazzo,Trunk Lid,0103420A,1430.00,2.5,INR,IN,boodmo.com,2026-07-04
Mahindra,Marazzo,Wheel Rim,0404040N,2063.00,1.0,INR,IN,boodmo.com,2026-07-04
Mahindra,Marazzo,Windshield,0111110N,8379.00,2.5,INR,IN,boodmo.com,2026-07-04
Mahindra,Scorpio-N,Bonnet Hinge,01000A,330.00,1.0,INR,IN,boodmo.com,2026-07-04
Mahindra,Scorpio-N,Bumper Bracket,2302060N,70.00,0.5,INR,IN,boodmo.com,2026-07-04
Mahindra,Scorpio-N,Door Handle,01060N,157.00,0.5,INR,IN,boodmo.com,2026-07-04
Mahindra,Scorpio-N,Fog Lamp,A95,409.00,0.8,INR,IN,boodmo.com,2026-07-04
Mahindra,Scorpio-N,Front Bumper,MFB,2328.00,2.0,INR,IN,boodmo.com,2026-07-04
Mahindra,Scorpio-N,Front Door,01060A,10525.00,3.5,INR,IN,boodmo.com,2026-07-04
Mahindra,Scorpio-N,Front Fender,01060N,3959.00,2.5,INR,IN,boodmo.com,2026-07-04
Mahindra,Scorpio-N,Front Grill,MHGB,959.00,1.0,INR,IN,boodmo.com,2026-07-04
Mahindra,Scorpio-N,Headlamp,LGD-8A RH,851.00,1.5,INR,IN,boodmo.com,2026-07-04
Mahindra,Scorpio-N,Hood,01030A,134.00,3.0,INR,IN,boodmo.com,2026-07-04
Mahindra,Scorpio-N,Indicator Lamp,S010091N,639.00,0.6,INR,IN,boodmo.com,2026-07-04
Mahindra,Scorpio-N,Quarter Panel,01040N,82.00,3.0,INR,IN,boodmo.com,2026-07-04
Mahindra,Scorpio-N,Radiator Support,0304461N,32.00,2.0,INR,IN,boodmo.com,2026-07-04
Mahindra,Scorpio-N,Rear Bumper,2302110N,887.00,2.0,INR,IN,boodmo.com,2026-07-04
Mahindra,Scorpio-N,Rear Door,01060A,10525.00,3.0,INR,IN,boodmo.com,2026-07-04
Mahindra,Scorpio-N,Rear Fender,01010N,1549.00,2.5,INR,IN,boodmo.com,2026-07-04
Mahindra,Scorpio-N,Rear Glass,01120N,1823.00,2.0,INR,IN,boodmo.com,2026-07-04
Mahindra,Scorpio-N,Roof Panel,2303881N,2919.00,4.0,INR,IN,boodmo.com,2026-07-04
Mahindra,Scorpio-N,Side Mirror,ARV729,657.00,0.8,INR,IN,boodmo.com,2026-07-04
Mahindra,Scorpio-N,Side Skirt,GF21,508.00,1.5,INR,IN,boodmo.com,2026-07-04
Mahindra,Scorpio-N,Tail Lamp,046SL -,523.00,1.0,INR,IN,boodmo.com,2026-07-04
Mahindra,Scorpio-N,Trunk Lid,0103350A,15053.00,2.5,INR,IN,boodmo.com,2026-07-04
Mahindra,Scorpio-N,Wheel Rim,0404691N,2192.00,1.0,INR,IN,boodmo.com,2026-07-04
Mahindra,Scorpio-N,Windshield,0111310N,5689.00,2.5,INR,IN,boodmo.com,2026-07-04
Mahindra,Thar,Bonnet Hinge,0095,262.00,1.0,INR,IN,boodmo.com,2026-07-04
Mahindra,Thar,Bumper Bracket,2302270N,69.00,0.5,INR,IN,boodmo.com,2026-07-04
Mahindra,Thar,Door Handle,0020,17.00,0.5,INR,IN,boodmo.com,2026-07-04
Mahindra,Thar,Fog Lamp,046-HR-L,189.00,0.8,INR,IN,boodmo.com,2026-07-04
Mahindra,Thar,Front Bumper,01130A,1988.00,2.0,INR,IN,boodmo.com,2026-07-04
Mahindra,Thar,Front Door,0103070A,1931.00,3.5,INR,IN,boodmo.com,2026-07-04
Mahindra,Thar,Front Fender,0102020A,3581.00,2.5,INR,IN,boodmo.com,2026-07-04
Mahindra,Thar,Front Grill,0102090A,15450.00,1.0,INR,IN,boodmo.com,2026-07-04
Mahindra,Thar,Headlamp,046THR,2337.00,1.5,INR,IN,boodmo.com,2026-07-04
Mahindra,Thar,Hood,0114100N,108.00,3.0,INR,IN,boodmo.com,2026-07-04
Mahindra,Thar,Indicator Lamp,1701201N,2373.00,0.6,INR,IN,boodmo.com,2026-07-04
Mahindra,Thar,Quarter Panel,0101600A,945.00,3.0,INR,IN,boodmo.com,2026-07-04
Mahindra,Thar,Radiator Support,0304461N,32.00,2.0,INR,IN,boodmo.com,2026-07-04
Mahindra,Thar,Rear Bumper,0015,1037.00,2.0,INR,IN,boodmo.com,2026-07-04
Mahindra,Thar,Rear Door,0103070A,1931.00,3.0,INR,IN,boodmo.com,2026-07-04
Mahindra,Thar,Rear Fender,0102020A,3581.00,2.5,INR,IN,boodmo.com,2026-07-04
Mahindra,Thar,Rear Glass,0111021N,2901.00,2.0,INR,IN,boodmo.com,2026-07-04
Mahindra,Thar,Roof Panel,S010060A,15525.00,4.0,INR,IN,boodmo.com,2026-07-04
Mahindra,Thar,Side Mirror,S220,138.00,0.8,INR,IN,boodmo.com,2026-07-04
Mahindra,Thar,Side Skirt,RF13,651.00,1.5,INR,IN,boodmo.com,2026-07-04
Mahindra,Thar,Tail Lamp,KK-1 RH,220.00,1.0,INR,IN,boodmo.com,2026-07-04
Mahindra,Thar,Trunk Lid,0103070A,1931.00,2.5,INR,IN,boodmo.com,2026-07-04
Mahindra,Thar,Wheel Rim,0404301A,2299.00,1.0,INR,IN,boodmo.com,2026-07-04
Mahindra,Thar,Windshield,0111100N,2162.00,2.5,INR,IN,boodmo.com,2026-07-04
Mahindra,XUV 3XO,Bonnet Hinge,0102110N,436.00,1.0,INR,IN,boodmo.com,2026-07-04
Mahindra,XUV 3XO,Bumper Bracket,2302490N,39.00,0.5,INR,IN,boodmo.com,2026-07-04
Mahindra,XUV 3XO,Door Handle,0105341A,97.00,0.5,INR,IN,boodmo.com,2026-07-04
Mahindra,XUV 3XO,Fog Lamp,1701021N,1256.00,0.8,INR,IN,boodmo.com,2026-07-04
Mahindra,XUV 3XO,Front Bumper,2302500N,3086.00,2.0,INR,IN,boodmo.com,2026-07-04
Mahindra,XUV 3XO,Front Door,2303370N,1012.00,3.5,INR,IN,boodmo.com,2026-07-04
Mahindra,XUV 3XO,Front Fender,0102390A,2125.00,2.5,INR,IN,boodmo.com,2026-07-04
Mahindra,XUV 3XO,Front Grill,2302380N,436.00,1.0,INR,IN,boodmo.com,2026-07-04
Mahindra,XUV 3XO,Headlamp,1701281N,10582.00,1.5,INR,IN,boodmo.com,2026-07-04
Mahindra,XUV 3XO,Hood,0114251N,309.00,3.0,INR,IN,boodmo.com,2026-07-04
Mahindra,XUV 3XO,Indicator Lamp,S010351N,1246.00,0.6,INR,IN,boodmo.com,2026-07-04
Mahindra,XUV 3XO,Quarter Panel,0101300A,162.00,3.0,INR,IN,boodmo.com,2026-07-04
Mahindra,XUV 3XO,Radiator Support,0102971N,9892.00,2.0,INR,IN,boodmo.com,2026-07-04
Mahindra,XUV 3XO,Rear Bumper,2302380N,774.00,2.0,INR,IN,boodmo.com,2026-07-04
Mahindra,XUV 3XO,Rear Door,2303370N,1012.00,3.0,INR,IN,boodmo.com,2026-07-04
Mahindra,XUV 3XO,Rear Fender,0102390A,2125.00,2.5,INR,IN,boodmo.com,2026-07-04
Mahindra,XUV 3XO,Rear Glass,0111190N,2273.00,2.0,INR,IN,boodmo.com,2026-07-04
Mahindra,XUV 3XO,Roof Panel,0101960A,5964.00,4.0,INR,IN,boodmo.com,2026-07-04
Mahindra,XUV 3XO,Side Mirror,0109211N,2943.00,0.8,INR,IN,boodmo.com,2026-07-04
Mahindra,XUV 3XO,Side Skirt,RF46,651.00,1.5,INR,IN,boodmo.com,2026-07-04
Mahindra,XUV 3XO,Tail Lamp,1703081N,5335.00,1.0,INR,IN,boodmo.com,2026-07-04
Mahindra,XUV 3XO,Trunk Lid,2303370N,1012.00,2.5,INR,IN,boodmo.com,2026-07-04
Mahindra,XUV 3XO,Wheel Rim,0404571N,1715.00,1.0,INR,IN,boodmo.com,2026-07-04
Mahindra,XUV 3XO,Windshield,0111190N,4290.00,2.5,INR,IN,boodmo.com,2026-07-04
Mahindra,XUV500,Bonnet Hinge,0102210N,481.00,1.0,INR,IN,boodmo.com,2026-07-04
Mahindra,XUV500,Bumper Bracket,0102740N,73.00,0.5,INR,IN,boodmo.com,2026-07-04
Mahindra,XUV500,Door Handle,OA6R,160.00,0.5,INR,IN,boodmo.com,2026-07-04
Mahindra,XUV500,Fog Lamp,14-R,1163.00,0.8,INR,IN,boodmo.com,2026-07-04
Mahindra,XUV500,Front Bumper,01120N,8223.00,2.0,INR,IN,boodmo.com,2026-07-04
Mahindra,XUV500,Front Door,01020NA,13046.00,3.5,INR,IN,boodmo.com,2026-07-04
Mahindra,XUV500,Front Fender,01030NA,5012.00,2.5,INR,IN,boodmo.com,2026-07-04
Mahindra,XUV500,Front Grill,0119430N,966.00,1.0,INR,IN,boodmo.com,2026-07-04
Mahindra,XUV500,Headlamp,1701761N,11202.00,1.5,INR,IN,boodmo.com,2026-07-04
Mahindra,XUV500,Hood,0114021N,378.00,3.0,INR,IN,boodmo.com,2026-07-04
Mahindra,XUV500,Indicator Lamp,0109051N,1091.00,0.6,INR,IN,boodmo.com,2026-07-04
Mahindra,XUV500,Quarter Panel,0101810NA,171.00,3.0,INR,IN,boodmo.com,2026-07-04
Mahindra,XUV500,Radiator Support,MHD106,9049.00,2.0,INR,IN,boodmo.com,2026-07-04
Mahindra,XUV500,Rear Bumper,2302050N,5170.00,2.0,INR,IN,boodmo.com,2026-07-04
Mahindra,XUV500,Rear Door,01020NA,12282.00,3.0,INR,IN,boodmo.com,2026-07-04
Mahindra,XUV500,Rear Fender,01030NA,5012.00,2.5,INR,IN,boodmo.com,2026-07-04
Mahindra,XUV500,Rear Glass,0111090N,5074.00,2.0,INR,IN,boodmo.com,2026-07-04
Mahindra,XUV500,Roof Panel,0117041B,3980.00,4.0,INR,IN,boodmo.com,2026-07-04
Mahindra,XUV500,Side Mirror,ARV7727,1757.00,0.8,INR,IN,boodmo.com,2026-07-04
Mahindra,XUV500,Side Skirt,0108120N,219.00,1.5,INR,IN,boodmo.com,2026-07-04
Mahindra,XUV500,Tail Lamp,1703301N,847.00,1.0,INR,IN,boodmo.com,2026-07-04
Mahindra,XUV500,Trunk Lid,010301KT,20791.00,2.5,INR,IN,boodmo.com,2026-07-04
Mahindra,XUV500,Wheel Rim,04001A,3480.00,1.0,INR,IN,boodmo.com,2026-07-04
Mahindra,XUV500,Windshield,0111090N,6299.00,2.5,INR,IN,boodmo.com,2026-07-04
Mahindra,XUV700,Bonnet Hinge,0102220NA,386.00,1.0,INR,IN,boodmo.com,2026-07-04
Mahindra,XUV700,Bumper Bracket,2302320N,55.00,0.5,INR,IN,boodmo.com,2026-07-04
Mahindra,XUV700,Door Handle,2303340A,116.00,0.5,INR,IN,boodmo.com,2026-07-04
Mahindra,XUV700,Fog Lamp,1701181N,6469.00,0.8,INR,IN,boodmo.com,2026-07-04
Mahindra,XUV700,Front Bumper,2302360N,3506.00,2.0,INR,IN,boodmo.com,2026-07-04
Mahindra,XUV700,Front Door,0103960NA,13569.00,3.5,INR,IN,boodmo.com,2026-07-04
Mahindra,XUV700,Front Fender,0102020NA,3531.00,2.5,INR,IN,boodmo.com,2026-07-04
Mahindra,XUV700,Front Grill,S230021N,5359.00,1.0,INR,IN,boodmo.com,2026-07-04
Mahindra,XUV700,Headlamp,1701501N,10154.00,1.5,INR,IN,boodmo.com,2026-07-04
Mahindra,XUV700,Hood,0114161N,1184.00,3.0,INR,IN,boodmo.com,2026-07-04
Mahindra,XUV700,Indicator Lamp,S010351N,1246.00,0.6,INR,IN,boodmo.com,2026-07-04
Mahindra,XUV700,Quarter Panel,0101930NA,98.00,3.0,INR,IN,boodmo.com,2026-07-04
Mahindra,XUV700,Radiator Support,0102651N,10379.00,2.0,INR,IN,boodmo.com,2026-07-04
Mahindra,XUV700,Rear Bumper,2302340N,2661.00,2.0,INR,IN,boodmo.com,2026-07-04
Mahindra,XUV700,Rear Door,0103310NA,11288.00,3.0,INR,IN,boodmo.com,2026-07-04
Mahindra,XUV700,Rear Fender,0102020NA,3531.00,2.5,INR,IN,boodmo.com,2026-07-04
Mahindra,XUV700,Rear Glass,0111050N,4281.00,2.0,INR,IN,boodmo.com,2026-07-04
Mahindra,XUV700,Roof Panel,0101190NA,11081.00,4.0,INR,IN,boodmo.com,2026-07-04
Mahindra,XUV700,Side Mirror,0109331N,4385.00,0.8,INR,IN,boodmo.com,2026-07-04
Mahindra,XUV700,Side Skirt,GF42,508.00,1.5,INR,IN,boodmo.com,2026-07-04
Mahindra,XUV700,Tail Lamp,1703041N,4116.00,1.0,INR,IN,boodmo.com,2026-07-04
Mahindra,XUV700,Tire,MAHXUV-TR-013,6300.00,0.5,INR,IN,seed_india_v1,2026-07-03
Mahindra,XUV700,Trunk Lid,0103310NA,11288.00,2.5,INR,IN,boodmo.com,2026-07-04
Mahindra,XUV700,Wheel Rim,0404AA1N_DAM1,826.00,1.0,INR,IN,boodmo.com,2026-07-04
Mahindra,XUV700,Windshield,0111110N,6937.00,2.5,INR,IN,boodmo.com,2026-07-04
Maruti,Baleno,Bonnet Hinge,574P00,244.00,1.0,INR,IN,boodmo.com,2026-07-04
Maruti,Baleno,Bumper Bracket,377R00,23.00,0.5,INR,IN,boodmo.com,2026-07-04
Maruti,Baleno,Door Handle,831011-P4Z,101.00,0.5,INR,IN,boodmo.com,2026-07-04
Maruti,Baleno,Fog Lamp,K01,362.00,0.8,INR,IN,boodmo.com,2026-07-04
Maruti,Baleno,Front Bumper,717110-5PK,2200.00,2.0,INR,IN,boodmo.com,2026-07-04
Maruti,Baleno,Front Door,680P13,6360.00,3.5,INR,IN,boodmo.com,2026-07-04
Maruti,Baleno,Front Fender,577P10,1520.00,2.5,INR,IN,boodmo.com,2026-07-04
Maruti,Baleno,Front Grill,717210-5PK,260.00,1.0,INR,IN,boodmo.com,2026-07-04
Maruti,Baleno,Headlamp,H1M,2915.00,1.5,INR,IN,boodmo.com,2026-07-04
Maruti,Baleno,Hood,821P00,240.00,3.0,INR,IN,boodmo.com,2026-07-04
Maruti,Baleno,Indicator Lamp,364J00,39.00,0.6,INR,IN,boodmo.com,2026-07-04
Maruti,Baleno,Quarter Panel,592P00,39.00,3.0,INR,IN,boodmo.com,2026-07-04
Maruti,Baleno,Radiator Support,178P00,28.00,2.0,INR,IN,boodmo.com,2026-07-04
Maruti,Baleno,Rear Bumper,718110-5PK,4100.00,2.0,INR,IN,boodmo.com,2026-07-04
Maruti,Baleno,Rear Door,680P03,7999.00,3.0,INR,IN,boodmo.com,2026-07-04
Maruti,Baleno,Rear Fender,577P10,1520.00,2.5,INR,IN,boodmo.com,2026-07-04
Maruti,Baleno,Rear Glass,845G40,1454.00,2.0,INR,IN,boodmo.com,2026-07-04
Maruti,Baleno,Roof Panel,651P00,4060.00,4.0,INR,IN,boodmo.com,2026-07-04
Maruti,Baleno,Side Mirror,ARV591,714.00,0.8,INR,IN,boodmo.com,2026-07-04
Maruti,Baleno,Side Skirt,772P00,37.00,1.5,INR,IN,boodmo.com,2026-07-04
Maruti,Baleno,Tail Lamp,AG-L,2180.00,1.0,INR,IN,boodmo.com,2026-07-04
Maruti,Baleno,Tire,MARBAL-TR-013,4725.00,0.5,INR,IN,seed_india_v1,2026-07-03
Maruti,Baleno,Trunk Lid,691P21,7120.00,2.5,INR,IN,boodmo.com,2026-07-04
Maruti,Baleno,Wheel Rim,432G11,1097.00,1.0,INR,IN,boodmo.com,2026-07-04
Maruti,Baleno,Windshield,840P01,3830.00,2.5,INR,IN,boodmo.com,2026-07-04
Maruti,Brezza,Bonnet Hinge,574P00,211.00,1.0,INR,IN,boodmo.com,2026-07-04
Maruti,Brezza,Bumper Bracket,377S00,64.00,0.5,INR,IN,boodmo.com,2026-07-04
Maruti,Brezza,Door Handle,O83,113.00,0.5,INR,IN,boodmo.com,2026-07-04
Maruti,Brezza,Fog Lamp,A15,498.00,0.8,INR,IN,boodmo.com,2026-07-04
Maruti,Brezza,Front Bumper,717100-5PK,1335.00,2.0,INR,IN,boodmo.com,2026-07-04
Maruti,Brezza,Front Door,680P01,8260.00,3.5,INR,IN,boodmo.com,2026-07-04
Maruti,Brezza,Front Fender,577T00,1999.00,2.5,INR,IN,boodmo.com,2026-07-04
Maruti,Brezza,Front Grill,717410-5PK,463.00,1.0,INR,IN,boodmo.com,2026-07-04
Maruti,Brezza,Headlamp,H4M,3169.00,1.5,INR,IN,boodmo.com,2026-07-04
Maruti,Brezza,Hood,821P00,245.00,3.0,INR,IN,boodmo.com,2026-07-04
Maruti,Brezza,Indicator Lamp,364J00,39.00,0.6,INR,IN,boodmo.com,2026-07-04
Maruti,Brezza,Quarter Panel,637P00,43.00,3.0,INR,IN,boodmo.com,2026-07-04
Maruti,Brezza,Radiator Support,178P00,28.00,2.0,INR,IN,boodmo.com,2026-07-04
Maruti,Brezza,Rear Bumper,718110-5PK,999.00,2.0,INR,IN,boodmo.com,2026-07-04
Maruti,Brezza,Rear Door,680P01,8750.00,3.0,INR,IN,boodmo.com,2026-07-04
Maruti,Brezza,Rear Fender,577T00,1999.00,2.5,INR,IN,boodmo.com,2026-07-04
Maruti,Brezza,Rear Glass,845P00,2215.00,2.0,INR,IN,boodmo.com,2026-07-04
Maruti,Brezza,Roof Panel,651P00,4400.00,4.0,INR,IN,boodmo.com,2026-07-04
Maruti,Brezza,Side Mirror,ARV624,1395.00,0.8,INR,IN,boodmo.com,2026-07-04
Maruti,Brezza,Side Skirt,761600-5PK,74.00,1.5,INR,IN,boodmo.com,2026-07-04
Maruti,Brezza,Tail Lamp,AG-RU,1466.00,1.0,INR,IN,boodmo.com,2026-07-04
Maruti,Brezza,Trunk Lid,691P00,8296.00,2.5,INR,IN,boodmo.com,2026-07-04
Maruti,Brezza,Wheel Rim,432103-09L,1865.00,1.0,INR,IN,boodmo.com,2026-07-04
Maruti,Brezza,Windshield,840T01,5750.00,2.5,INR,IN,boodmo.com,2026-07-04
Maruti,Dzire,Bonnet Hinge,597KA0,11.00,1.0,INR,IN,boodmo.com,2026-07-04
Maruti,Dzire,Bumper Bracket,377R00,23.00,0.5,INR,IN,boodmo.com,2026-07-04
Maruti,Dzire,Door Handle,OA8L,107.00,0.5,INR,IN,boodmo.com,2026-07-04
Maruti,Dzire,Fog Lamp,K01,362.00,0.8,INR,IN,boodmo.com,2026-07-04
Maruti,Dzire,Front Bumper,717110-5PK,2000.00,2.0,INR,IN,boodmo.com,2026-07-04
Maruti,Dzire,Front Door,680L21,4665.00,3.5,INR,IN,boodmo.com,2026-07-04
Maruti,Dzire,Front Fender,577P00,800.00,2.5,INR,IN,boodmo.com,2026-07-04
Maruti,Dzire,Front Grill,MSBG,124.00,1.0,INR,IN,boodmo.com,2026-07-04
Maruti,Dzire,Headlamp,IL6-L,1362.00,1.5,INR,IN,boodmo.com,2026-07-04
Maruti,Dzire,Hood,821J01,180.00,3.0,INR,IN,boodmo.com,2026-07-04
Maruti,Dzire,Indicator Lamp,364J00,39.00,0.6,INR,IN,boodmo.com,2026-07-04
Maruti,Dzire,Quarter Panel,597L00,71.00,3.0,INR,IN,boodmo.com,2026-07-04
Maruti,Dzire,Radiator Support,178P00,28.00,2.0,INR,IN,boodmo.com,2026-07-04
Maruti,Dzire,Rear Bumper,718110-5PK,3200.00,2.0,INR,IN,boodmo.com,2026-07-04
Maruti,Dzire,Rear Door,680U00,7250.00,3.0,INR,IN,boodmo.com,2026-07-04
Maruti,Dzire,Rear Fender,577P00,800.00,2.5,INR,IN,boodmo.com,2026-07-04
Maruti,Dzire,Rear Glass,845K00,2310.00,2.0,INR,IN,boodmo.com,2026-07-04
Maruti,Dzire,Roof Panel,651R00,4075.00,4.0,INR,IN,boodmo.com,2026-07-04
Maruti,Dzire,Side Mirror,ARVM-7_DAM1,678.00,0.8,INR,IN,boodmo.com,2026-07-04
Maruti,Dzire,Side Skirt,761520-P4Z,65.00,1.5,INR,IN,boodmo.com,2026-07-04
Maruti,Dzire,Tail Lamp,TL4OL,799.00,1.0,INR,IN,boodmo.com,2026-07-04
Maruti,Dzire,Trunk Lid,657R00,3950.00,2.5,INR,IN,boodmo.com,2026-07-04
Maruti,Dzire,Wheel Rim,432102-39M,1563.00,1.0,INR,IN,boodmo.com,2026-07-04
Maruti,Dzire,Windshield,845R00,4275.00,2.5,INR,IN,boodmo.com,2026-07-04
Maruti,Ertiga,Bonnet Hinge,574K00,180.00,1.0,INR,IN,boodmo.com,2026-07-04
Maruti,Ertiga,Bumper Bracket,717R00,6.00,0.5,INR,IN,boodmo.com,2026-07-04
Maruti,Ertiga,Door Handle,828K10,111.00,0.5,INR,IN,boodmo.com,2026-07-04
Maruti,Ertiga,Fog Lamp,K01,362.00,0.8,INR,IN,boodmo.com,2026-07-04
Maruti,Ertiga,Front Bumper,717110-5PK,2050.00,2.0,INR,IN,boodmo.com,2026-07-04
Maruti,Ertiga,Front Door,680R01,8750.00,3.5,INR,IN,boodmo.com,2026-07-04
Maruti,Ertiga,Front Fender,577M00,1756.00,2.5,INR,IN,boodmo.com,2026-07-04
Maruti,Ertiga,Front Grill,717210-5PK,254.00,1.0,INR,IN,boodmo.com,2026-07-04
Maruti,Ertiga,Headlamp,132-HTG-WMR,2228.00,1.5,INR,IN,boodmo.com,2026-07-04
Maruti,Ertiga,Hood,821M01,210.00,3.0,INR,IN,boodmo.com,2026-07-04
Maruti,Ertiga,Indicator Lamp,990J01-010,3310.00,0.6,INR,IN,boodmo.com,2026-07-04
Maruti,Ertiga,Quarter Panel,594M01,191.00,3.0,INR,IN,boodmo.com,2026-07-04
Maruti,Ertiga,Radiator Support,178P00,28.00,2.0,INR,IN,boodmo.com,2026-07-04
Maruti,Ertiga,Rear Bumper,718110-5PK,2750.00,2.0,INR,IN,boodmo.com,2026-07-04
Maruti,Ertiga,Rear Door,680R03,11500.00,3.0,INR,IN,boodmo.com,2026-07-04
Maruti,Ertiga,Rear Fender,577M00,1756.00,2.5,INR,IN,boodmo.com,2026-07-04
Maruti,Ertiga,Rear Glass,845M00,1995.00,2.0,INR,IN,boodmo.com,2026-07-04
Maruti,Ertiga,Roof Panel,651R00,5410.00,4.0,INR,IN,boodmo.com,2026-07-04
Maruti,Ertiga,Side Mirror,ARV580,1071.00,0.8,INR,IN,boodmo.com,2026-07-04
Maruti,Ertiga,Side Skirt,761610-V6N,89.00,1.5,INR,IN,boodmo.com,2026-07-04
Maruti,Ertiga,Tail Lamp,357R00,655.00,1.0,INR,IN,boodmo.com,2026-07-04
Maruti,Ertiga,Trunk Lid,691M22,6670.00,2.5,INR,IN,boodmo.com,2026-07-04
Maruti,Ertiga,Wheel Rim,432101-39M,1641.00,1.0,INR,IN,boodmo.com,2026-07-04
Maruti,Ertiga,Windshield,845M00,5540.00,2.5,INR,IN,boodmo.com,2026-07-04
Maruti,Fronx,Bonnet Hinge,574T00,293.00,1.0,INR,IN,boodmo.com,2026-07-04
Maruti,Fronx,Bumper Bracket,724T00,60.00,0.5,INR,IN,boodmo.com,2026-07-04
Maruti,Fronx,Door Handle,831300-5PK,120.00,0.5,INR,IN,boodmo.com,2026-07-04
Maruti,Fronx,Fog Lamp,990J01-020,6443.00,0.8,INR,IN,boodmo.com,2026-07-04
Maruti,Fronx,Front Bumper,717111-5PK,2850.00,2.0,INR,IN,boodmo.com,2026-07-04
Maruti,Fronx,Front Door,680T20,9200.00,3.5,INR,IN,boodmo.com,2026-07-04
Maruti,Fronx,Front Fender,577T10,1880.00,2.5,INR,IN,boodmo.com,2026-07-04
Maruti,Fronx,Front Grill,717400-C48,3688.00,1.0,INR,IN,boodmo.com,2026-07-04
Maruti,Fronx,Headlamp,351T00,6592.00,1.5,INR,IN,boodmo.com,2026-07-04
Maruti,Fronx,Hood,821T10,272.00,3.0,INR,IN,boodmo.com,2026-07-04
Maruti,Fronx,Indicator Lamp,364J00,39.00,0.6,INR,IN,boodmo.com,2026-07-04
Maruti,Fronx,Quarter Panel,586P00,73.00,3.0,INR,IN,boodmo.com,2026-07-04
Maruti,Fronx,Radiator Support,178P00,28.00,2.0,INR,IN,boodmo.com,2026-07-04
Maruti,Fronx,Rear Bumper,718110-5PK,2850.00,2.0,INR,IN,boodmo.com,2026-07-04
Maruti,Fronx,Rear Door,680T00,8297.00,3.0,INR,IN,boodmo.com,2026-07-04
Maruti,Fronx,Rear Fender,577T10,1880.00,2.5,INR,IN,boodmo.com,2026-07-04
Maruti,Fronx,Roof Panel,651T00,6030.00,4.0,INR,IN,boodmo.com,2026-07-04
Maruti,Fronx,Side Mirror,847010-5PK,1919.00,0.8,INR,IN,boodmo.com,2026-07-04
Maruti,Fronx,Side Skirt,761610-5PK,78.00,1.5,INR,IN,boodmo.com,2026-07-04
Maruti,Fronx,Tail Lamp,356T00,3500.00,1.0,INR,IN,boodmo.com,2026-07-04
Maruti,Fronx,Trunk Lid,691T00,8190.00,2.5,INR,IN,boodmo.com,2026-07-04
Maruti,Fronx,Wheel Rim,432100-09L,1685.00,1.0,INR,IN,boodmo.com,2026-07-04
Maruti,Fronx,Windshield,840T01,4600.00,2.5,INR,IN,boodmo.com,2026-07-04
Maruti,Grand Vitara,Bonnet Hinge,574T00,495.00,1.0,INR,IN,boodmo.com,2026-07-04
Maruti,Grand Vitara,Bumper Bracket,718T00,42.00,0.5,INR,IN,boodmo.com,2026-07-04
Maruti,Grand Vitara,Door Handle,831100-C48,271.00,0.5,INR,IN,boodmo.com,2026-07-04
Maruti,Grand Vitara,Fog Lamp,355J11,1234.00,0.8,INR,IN,boodmo.com,2026-07-04
Maruti,Grand Vitara,Front Bumper,717220-5PK,134.00,2.0,INR,IN,boodmo.com,2026-07-04
Maruti,Grand Vitara,Front Door,680844,20682.00,3.5,INR,IN,boodmo.com,2026-07-04
Maruti,Grand Vitara,Front Fender,577H01,1515.00,2.5,INR,IN,boodmo.com,2026-07-04
Maruti,Grand Vitara,Front Grill,717410-38B,4250.00,1.0,INR,IN,boodmo.com,2026-07-04
Maruti,Grand Vitara,Headlamp,351T22,7810.00,1.5,INR,IN,boodmo.com,2026-07-04
Maruti,Grand Vitara,Hood,821T20,975.00,3.0,INR,IN,boodmo.com,2026-07-04
Maruti,Grand Vitara,Indicator Lamp,364300_DAM1,452.00,0.6,INR,IN,boodmo.com,2026-07-04
Maruti,Grand Vitara,Quarter Panel,633J00,364.00,3.0,INR,IN,boodmo.com,2026-07-04
Maruti,Grand Vitara,Radiator Support,178P00,28.00,2.0,INR,IN,boodmo.com,2026-07-04
Maruti,Grand Vitara,Rear Bumper,718130-5PK,152.00,2.0,INR,IN,boodmo.com,2026-07-04
Maruti,Grand Vitara,Rear Door,680821,19370.00,3.0,INR,IN,boodmo.com,2026-07-04
Maruti,Grand Vitara,Rear Fender,577H01,1515.00,2.5,INR,IN,boodmo.com,2026-07-04
Maruti,Grand Vitara,Rear Glass,845T00,3250.00,2.0,INR,IN,boodmo.com,2026-07-04
Maruti,Grand Vitara,Roof Panel,781T00,75.00,4.0,INR,IN,boodmo.com,2026-07-04
Maruti,Grand Vitara,Side Mirror,847020-ZY4,4573.00,0.8,INR,IN,boodmo.com,2026-07-04
Maruti,Grand Vitara,Side Skirt,761610-5PK,92.00,1.5,INR,IN,boodmo.com,2026-07-04
Maruti,Grand Vitara,Tail Lamp,357T00,3800.00,1.0,INR,IN,boodmo.com,2026-07-04
Maruti,Grand Vitara,Trunk Lid,691T10,9590.00,2.5,INR,IN,boodmo.com,2026-07-04
Maruti,Grand Vitara,Wheel Rim,432100-09L,2377.00,1.0,INR,IN,boodmo.com,2026-07-04
Maruti,Grand Vitara,Windshield,845T01,6460.00,2.5,INR,IN,boodmo.com,2026-07-04
Maruti,Swift,Bonnet Hinge,597KA0,11.00,1.0,INR,IN,boodmo.com,2026-07-04
Maruti,Swift,Bumper Bracket,377R00,23.00,0.5,INR,IN,boodmo.com,2026-07-04
Maruti,Swift,Door Handle,O58,74.00,0.5,INR,IN,boodmo.com,2026-07-04
Maruti,Swift,Fog Lamp,AG13,319.00,0.8,INR,IN,boodmo.com,2026-07-04
Maruti,Swift,Front Bumper,717110-5PK,2070.00,2.0,INR,IN,boodmo.com,2026-07-04
Maruti,Swift,Front Door,680L21,4665.00,3.5,INR,IN,boodmo.com,2026-07-04
Maruti,Swift,Front Fender,577P00,800.00,2.5,INR,IN,boodmo.com,2026-07-04
Maruti,Swift,Front Grill,MSBG,124.00,1.0,INR,IN,boodmo.com,2026-07-04
Maruti,Swift,Headlamp,IL6-L,1362.00,1.5,INR,IN,boodmo.com,2026-07-04
Maruti,Swift,Hood,821J01,180.00,3.0,INR,IN,boodmo.com,2026-07-04
Maruti,Swift,Indicator Lamp,364J00,39.00,0.6,INR,IN,boodmo.com,2026-07-04
Maruti,Swift,Quarter Panel,637T00,590.00,3.0,INR,IN,boodmo.com,2026-07-04
Maruti,Swift,Radiator Support,178P00,28.00,2.0,INR,IN,boodmo.com,2026-07-04
Maruti,Swift,Rear Bumper,718JA0,2550.00,2.0,INR,IN,boodmo.com,2026-07-04
Maruti,Swift,Rear Door,680R02,7999.00,3.0,INR,IN,boodmo.com,2026-07-04
Maruti,Swift,Rear Fender,577P00,800.00,2.5,INR,IN,boodmo.com,2026-07-04
Maruti,Swift,Rear Glass,845J00,1890.00,2.0,INR,IN,boodmo.com,2026-07-04
Maruti,Swift,Roof Panel,651L10,2683.00,4.0,INR,IN,boodmo.com,2026-07-04
Maruti,Swift,Side Mirror,ARV538,665.00,0.8,INR,IN,boodmo.com,2026-07-04
Maruti,Swift,Side Skirt,761611-5PK,63.00,1.5,INR,IN,boodmo.com,2026-07-04
Maruti,Swift,Tail Lamp,TL6OL,1044.00,1.0,INR,IN,boodmo.com,2026-07-04
Maruti,Swift,Tire,MARSWI-TR-013,4500.00,0.5,INR,IN,seed_india_v1,2026-07-03
Maruti,Swift,Trunk Lid,691L40,4650.00,2.5,INR,IN,boodmo.com,2026-07-04
Maruti,Swift,Wheel Rim,432102-39M,1563.00,1.0,INR,IN,boodmo.com,2026-07-04
Maruti,Swift,Windshield,845R00,4100.00,2.5,INR,IN,boodmo.com,2026-07-04
Maruti,WagonR,Bonnet Hinge,574F01,115.00,1.0,INR,IN,boodmo.com,2026-07-04
Maruti,WagonR,Bumper Bracket,654K00,36.00,0.5,INR,IN,boodmo.com,2026-07-04
Maruti,WagonR,Door Handle,831030-P4Z,52.00,0.5,INR,IN,boodmo.com,2026-07-04
Maruti,WagonR,Fog Lamp,RFMA,273.00,0.8,INR,IN,boodmo.com,2026-07-04
Maruti,WagonR,Front Bumper,717110-5PK,1745.00,2.0,INR,IN,boodmo.com,2026-07-04
Maruti,WagonR,Front Door,680R12,7099.00,3.5,INR,IN,boodmo.com,2026-07-04
Maruti,WagonR,Front Fender,576R00,1520.00,2.5,INR,IN,boodmo.com,2026-07-04
Maruti,WagonR,Front Grill,717K00,271.00,1.0,INR,IN,boodmo.com,2026-07-04
Maruti,WagonR,Headlamp,HL7OR,1393.00,1.5,INR,IN,boodmo.com,2026-07-04
Maruti,WagonR,Hood,821K00,178.00,3.0,INR,IN,boodmo.com,2026-07-04
Maruti,WagonR,Indicator Lamp,364J00,39.00,0.6,INR,IN,boodmo.com,2026-07-04
Maruti,WagonR,Quarter Panel,645000-P31,1790.00,3.0,INR,IN,boodmo.com,2026-07-04
Maruti,WagonR,Radiator Support,178P00,28.00,2.0,INR,IN,boodmo.com,2026-07-04
Maruti,WagonR,Rear Bumper,718110-5PK,1899.00,2.0,INR,IN,boodmo.com,2026-07-04
Maruti,WagonR,Rear Door,680R10,7500.00,3.0,INR,IN,boodmo.com,2026-07-04
Maruti,WagonR,Rear Fender,576R00,1520.00,2.5,INR,IN,boodmo.com,2026-07-04
Maruti,WagonR,Rear Glass,845F00,1543.00,2.0,INR,IN,boodmo.com,2026-07-04
Maruti,WagonR,Roof Panel,651R10,4457.00,4.0,INR,IN,boodmo.com,2026-07-04
Maruti,WagonR,Side Mirror,CI4L,191.00,0.8,INR,IN,boodmo.com,2026-07-04
Maruti,WagonR,Side Skirt,761810-5PK,53.00,1.5,INR,IN,boodmo.com,2026-07-04
Maruti,WagonR,Tail Lamp,AG-0_DAM1,471.00,1.0,INR,IN,boodmo.com,2026-07-04
Maruti,WagonR,Trunk Lid,691K00,46.00,2.5,INR,IN,boodmo.com,2026-07-04
Maruti,WagonR,Wheel Rim,432102-39M,1563.00,1.0,INR,IN,boodmo.com,2026-07-04
Maruti,WagonR,Windshield,845L00,3610.00,2.5,INR,IN,boodmo.com,2026-07-04
Maruti,XL6,Bonnet Hinge,574S00,300.00,1.0,INR,IN,boodmo.com,2026-07-04
Maruti,XL6,Bumper Bracket,711R00,134.00,0.5,INR,IN,boodmo.com,2026-07-04
Maruti,XL6,Door Handle,OA0R,160.00,0.5,INR,IN,boodmo.com,2026-07-04
Maruti,XL6,Fog Lamp,R2M,2482.00,0.8,INR,IN,boodmo.com,2026-07-04
Maruti,XL6,Front Bumper,717110-5PK,2650.00,2.0,INR,IN,boodmo.com,2026-07-04
Maruti,XL6,Front Door,680S01,8050.00,3.5,INR,IN,boodmo.com,2026-07-04
Maruti,XL6,Front Fender,577S00,2650.00,2.5,INR,IN,boodmo.com,2026-07-04
Maruti,XL6,Front Grill,721100-C48,2342.00,1.0,INR,IN,boodmo.com,2026-07-04
Maruti,XL6,Headlamp,353S01,20690.00,1.5,INR,IN,boodmo.com,2026-07-04
Maruti,XL6,Hood,821S00,965.00,3.0,INR,IN,boodmo.com,2026-07-04
Maruti,XL6,Indicator Lamp,364M00,999.00,0.6,INR,IN,boodmo.com,2026-07-04
Maruti,XL6,Quarter Panel,637R00,75.00,3.0,INR,IN,boodmo.com,2026-07-04
Maruti,XL6,Radiator Support,178P00,28.00,2.0,INR,IN,boodmo.com,2026-07-04
Maruti,XL6,Rear Bumper,718210-5PK,885.00,2.0,INR,IN,boodmo.com,2026-07-04
Maruti,XL6,Rear Door,680S02,11550.00,3.0,INR,IN,boodmo.com,2026-07-04
Maruti,XL6,Rear Fender,577S00,2650.00,2.5,INR,IN,boodmo.com,2026-07-04
Maruti,XL6,Rear Glass,845R20,3886.00,2.0,INR,IN,boodmo.com,2026-07-04
Maruti,XL6,Roof Panel,651R00,5410.00,4.0,INR,IN,boodmo.com,2026-07-04
Maruti,XL6,Side Mirror,410X223,2103.00,0.8,INR,IN,boodmo.com,2026-07-04
Maruti,XL6,Side Skirt,775S00,58.00,1.5,INR,IN,boodmo.com,2026-07-04
Maruti,XL6,Tail Lamp,132-RC-19-UPL,2063.00,1.0,INR,IN,boodmo.com,2026-07-04
Maruti,XL6,Trunk Lid,691R60,10950.00,2.5,INR,IN,boodmo.com,2026-07-04
Maruti,XL6,Wheel Rim,432101-09L,1790.00,1.0,INR,IN,boodmo.com,2026-07-04
Maruti,XL6,Windshield,840R25,6275.00,2.5,INR,IN,boodmo.com,2026-07-04
Tata,Altroz,Bonnet Hinge,5442L1104,434.00,1.0,INR,IN,boodmo.com,2026-07-04
Tata,Altroz,Bumper Bracket,5440117,157.00,0.5,INR,IN,boodmo.com,2026-07-04
Tata,Altroz,Door Handle,5442310C7,461.00,0.5,INR,IN,boodmo.com,2026-07-04
Tata,Altroz,Fog Lamp,5440148,689.00,0.8,INR,IN,boodmo.com,2026-07-04
Tata,Altroz,Front Bumper,5446363,1353.00,2.0,INR,IN,boodmo.com,2026-07-04
Tata,Altroz,Front Door,54426500235,10613.00,3.5,INR,IN,boodmo.com,2026-07-04
Tata,Altroz,Front Fender,54426300335,2364.00,2.5,INR,IN,boodmo.com,2026-07-04
Tata,Altroz,Front Grill,TABG,1015.00,1.0,INR,IN,boodmo.com,2026-07-04
Tata,Altroz,Headlamp,HL0OL,1720.00,1.5,INR,IN,boodmo.com,2026-07-04
Tata,Altroz,Hood,5440101,485.00,3.0,INR,IN,boodmo.com,2026-07-04
Tata,Altroz,Indicator Lamp,5440198,225.00,0.6,INR,IN,boodmo.com,2026-07-04
Tata,Altroz,Quarter Panel,5448208,117.00,3.0,INR,IN,boodmo.com,2026-07-04
Tata,Altroz,Radiator Support,5442F1119,195.00,2.0,INR,IN,boodmo.com,2026-07-04
Tata,Altroz,Rear Bumper,5446323,3244.00,2.0,INR,IN,boodmo.com,2026-07-04
Tata,Altroz,Rear Door,54426800235,8821.00,3.0,INR,IN,boodmo.com,2026-07-04
Tata,Altroz,Rear Fender,54426300335,2364.00,2.5,INR,IN,boodmo.com,2026-07-04
Tata,Altroz,Rear Glass,5440101,2849.00,2.0,INR,IN,boodmo.com,2026-07-04
Tata,Altroz,Roof Panel,544220130,6701.00,4.0,INR,IN,boodmo.com,2026-07-04
Tata,Altroz,Side Mirror,0163000XPB,6004.00,0.8,INR,IN,boodmo.com,2026-07-04
Tata,Altroz,Side Skirt,GF34,507.00,1.5,INR,IN,boodmo.com,2026-07-04
Tata,Altroz,Tail Lamp,115-RTZ-TSL,1308.00,1.0,INR,IN,boodmo.com,2026-07-04
Tata,Altroz,Trunk Lid,54426200235,10438.00,2.5,INR,IN,boodmo.com,2026-07-04
Tata,Altroz,Wheel Rim,G2779412_DAM3,293.00,1.0,INR,IN,boodmo.com,2026-07-04
Tata,Altroz,Windshield,5440102,7100.00,2.5,INR,IN,boodmo.com,2026-07-04
Tata,Curvv,Bumper Bracket,5470108,151.00,0.5,INR,IN,boodmo.com,2026-07-04
Tata,Curvv,Door Handle,5438209B8,614.00,0.5,INR,IN,boodmo.com,2026-07-04
Tata,Curvv,Fog Lamp,FL9CC,1223.00,0.8,INR,IN,boodmo.com,2026-07-04
Tata,Curvv,Front Bumper,5476337,408.00,2.0,INR,IN,boodmo.com,2026-07-04
Tata,Curvv,Front Door,54716500135,20831.00,3.5,INR,IN,boodmo.com,2026-07-04
Tata,Curvv,Front Fender,54716401135,9597.00,2.5,INR,IN,boodmo.com,2026-07-04
Tata,Curvv,Front Grill,5476326,309.00,1.0,INR,IN,boodmo.com,2026-07-04
Tata,Curvv,Headlamp,5460111,6802.00,1.5,INR,IN,boodmo.com,2026-07-04
Tata,Curvv,Hood,2876308,32.00,3.0,INR,IN,boodmo.com,2026-07-04
Tata,Curvv,Indicator Lamp,5440145,707.00,0.6,INR,IN,boodmo.com,2026-07-04
Tata,Curvv,Quarter Panel,5472S1104,7525.00,3.0,INR,IN,boodmo.com,2026-07-04
Tata,Curvv,Rear Bumper,5476317,274.00,2.0,INR,IN,boodmo.com,2026-07-04
Tata,Curvv,Rear Door,54716700135,19738.00,3.0,INR,IN,boodmo.com,2026-07-04
Tata,Curvv,Rear Fender,54716401135,9597.00,2.5,INR,IN,boodmo.com,2026-07-04
Tata,Curvv,Roof Panel,5471C1113,474.00,4.0,INR,IN,boodmo.com,2026-07-04
Tata,Curvv,Side Mirror,5471127CE,6364.00,0.8,INR,IN,boodmo.com,2026-07-04
Tata,Curvv,Side Skirt,5471112C7,612.00,1.5,INR,IN,boodmo.com,2026-07-04
Tata,Curvv,Tail Lamp,5471S2109,1102.00,1.0,INR,IN,boodmo.com,2026-07-04
Tata,Curvv,Trunk Lid,54716201135,22018.00,2.5,INR,IN,boodmo.com,2026-07-04
Tata,Curvv,Wheel Rim,5120106,1752.00,1.0,INR,IN,boodmo.com,2026-07-04
Tata,Curvv,Windshield,5470106,6982.00,2.5,INR,IN,boodmo.com,2026-07-04
Tata,Harrier,Bonnet Hinge,5410101,339.00,1.0,INR,IN,boodmo.com,2026-07-04
Tata,Harrier,Bumper Bracket,5416312,24.00,0.5,INR,IN,boodmo.com,2026-07-04
Tata,Harrier,Door Handle,5412110NZ,420.00,0.5,INR,IN,boodmo.com,2026-07-04
Tata,Harrier,Fog Lamp,115NXN,638.00,0.8,INR,IN,boodmo.com,2026-07-04
Tata,Harrier,Front Bumper,5466307,103.00,2.0,INR,IN,boodmo.com,2026-07-04
Tata,Harrier,Front Door,5412104ZZ,8280.00,3.5,INR,IN,boodmo.com,2026-07-04
Tata,Harrier,Front Fender,287011335,3952.00,2.5,INR,IN,boodmo.com,2026-07-04
Tata,Harrier,Front Grill,5476341,178.00,1.0,INR,IN,boodmo.com,2026-07-04
Tata,Harrier,Headlamp,5410127,9743.00,1.5,INR,IN,boodmo.com,2026-07-04
Tata,Harrier,Hood,2876308,32.00,3.0,INR,IN,boodmo.com,2026-07-04
Tata,Harrier,Quarter Panel,5410111,5138.00,3.0,INR,IN,boodmo.com,2026-07-04
Tata,Harrier,Radiator Support,2870174,3377.00,2.0,INR,IN,boodmo.com,2026-07-04
Tata,Harrier,Rear Bumper,5466302,797.00,2.0,INR,IN,boodmo.com,2026-07-04
Tata,Harrier,Rear Door,5473115UB,9049.00,3.0,INR,IN,boodmo.com,2026-07-04
Tata,Harrier,Rear Fender,287011335,3952.00,2.5,INR,IN,boodmo.com,2026-07-04
Tata,Harrier,Rear Glass,5460101,2011.00,2.0,INR,IN,boodmo.com,2026-07-04
Tata,Harrier,Roof Panel,5410101,8921.00,4.0,INR,IN,boodmo.com,2026-07-04
Tata,Harrier,Side Mirror,0180000XCE,7719.00,0.8,INR,IN,boodmo.com,2026-07-04
Tata,Harrier,Side Skirt,5410138,182.00,1.5,INR,IN,boodmo.com,2026-07-04
Tata,Harrier,Tail Lamp,5440113,3002.00,1.0,INR,IN,boodmo.com,2026-07-04
Tata,Harrier,Trunk Lid,54656200235,10364.00,2.5,INR,IN,boodmo.com,2026-07-04
Tata,Harrier,Wheel Rim,5430161,2331.00,1.0,INR,IN,boodmo.com,2026-07-04
Tata,Harrier,Windshield,5410104,7013.00,2.5,INR,IN,boodmo.com,2026-07-04
Tata,Nexon,Bonnet Hinge,5430129,602.00,1.0,INR,IN,boodmo.com,2026-07-04
Tata,Nexon,Bumper Bracket,5460107,46.00,0.5,INR,IN,boodmo.com,2026-07-04
Tata,Nexon,Door Handle,5438737_DAM1,176.00,0.5,INR,IN,boodmo.com,2026-07-04
Tata,Nexon,Fog Lamp,R6M,359.00,0.8,INR,IN,boodmo.com,2026-07-04
Tata,Nexon,Front Bumper,5476332,4279.00,2.0,INR,IN,boodmo.com,2026-07-04
Tata,Nexon,Front Door,54386600135,13380.00,3.5,INR,IN,boodmo.com,2026-07-04
Tata,Nexon,Front Fender,54646401135,3343.00,2.5,INR,IN,boodmo.com,2026-07-04
Tata,Nexon,Front Grill,5474320C7,603.00,1.0,INR,IN,boodmo.com,2026-07-04
Tata,Nexon,Headlamp,5430102,6253.00,1.5,INR,IN,boodmo.com,2026-07-04
Tata,Nexon,Hood,2876308,32.00,3.0,INR,IN,boodmo.com,2026-07-04
Tata,Nexon,Indicator Lamp,5430165,1435.00,0.6,INR,IN,boodmo.com,2026-07-04
Tata,Nexon,Quarter Panel,5123222C7,184.00,3.0,INR,IN,boodmo.com,2026-07-04
Tata,Nexon,Radiator Support,TATNEX-RS-018,6440.00,2.0,INR,IN,seed_india_v1,2026-07-03
Tata,Nexon,Rear Bumper,5466301,5364.00,2.0,INR,IN,boodmo.com,2026-07-04
Tata,Nexon,Rear Door,54386800135,12431.00,3.0,INR,IN,boodmo.com,2026-07-04
Tata,Nexon,Rear Fender,54646401135,3343.00,2.5,INR,IN,boodmo.com,2026-07-04
Tata,Nexon,Rear Glass,5460101,2628.00,2.0,INR,IN,boodmo.com,2026-07-04
Tata,Nexon,Roof Panel,5468203,214.00,4.0,INR,IN,boodmo.com,2026-07-04
Tata,Nexon,Side Mirror,RV6OR,1546.00,0.8,INR,IN,boodmo.com,2026-07-04
Tata,Nexon,Side Skirt,RF43,461.00,1.5,INR,IN,boodmo.com,2026-07-04
Tata,Nexon,Tail Lamp,5430138,879.00,1.0,INR,IN,boodmo.com,2026-07-04
Tata,Nexon,Tire,TATNEX-TR-013,5175.00,0.5,INR,IN,seed_india_v1,2026-07-03
Tata,Nexon,Trunk Lid,8857402,12110.00,2.5,INR,IN,boodmo.com,2026-07-04
Tata,Nexon,Wheel Rim,5120106,1752.00,1.0,INR,IN,boodmo.com,2026-07-04
Tata,Nexon,Windshield,5430101,7927.00,2.5,INR,IN,boodmo.com,2026-07-04
Tata,Punch,Bonnet Hinge,5445L1105,554.00,1.0,INR,IN,boodmo.com,2026-07-04
Tata,Punch,Bumper Bracket,5420134,149.00,0.5,INR,IN,boodmo.com,2026-07-04
Tata,Punch,Door Handle,5440118,589.00,0.5,INR,IN,boodmo.com,2026-07-04
Tata,Punch,Fog Lamp,A46,1132.00,0.8,INR,IN,boodmo.com,2026-07-04
Tata,Punch,Front Bumper,5446337,83.00,2.0,INR,IN,boodmo.com,2026-07-04
Tata,Punch,Front Door,54456200130,10304.00,3.5,INR,IN,boodmo.com,2026-07-04
Tata,Punch,Front Fender,54456300130,3288.00,2.5,INR,IN,boodmo.com,2026-07-04
Tata,Punch,Front Grill,TAFBG,1043.00,1.0,INR,IN,boodmo.com,2026-07-04
Tata,Punch,Headlamp,5440109,3178.00,1.5,INR,IN,boodmo.com,2026-07-04
Tata,Punch,Hood,5440102,562.00,3.0,INR,IN,boodmo.com,2026-07-04
Tata,Punch,Indicator Lamp,0153024XS,585.00,0.6,INR,IN,boodmo.com,2026-07-04
Tata,Punch,Quarter Panel,5448208,77.00,3.0,INR,IN,boodmo.com,2026-07-04
Tata,Punch,Radiator Support,5445F1101,1507.00,2.0,INR,IN,boodmo.com,2026-07-04
Tata,Punch,Rear Bumper,5445301BT,2949.00,2.0,INR,IN,boodmo.com,2026-07-04
Tata,Punch,Rear Door,54456700130,10491.00,3.0,INR,IN,boodmo.com,2026-07-04
Tata,Punch,Rear Fender,54456300130,3288.00,2.5,INR,IN,boodmo.com,2026-07-04
Tata,Punch,Rear Glass,5440102,2144.00,2.0,INR,IN,boodmo.com,2026-07-04
Tata,Punch,Roof Panel,5448221,287.00,4.0,INR,IN,boodmo.com,2026-07-04
Tata,Punch,Side Mirror,ARVM-02_DAM2,454.00,0.8,INR,IN,boodmo.com,2026-07-04
Tata,Punch,Side Skirt,GF41,507.00,1.5,INR,IN,boodmo.com,2026-07-04
Tata,Punch,Tail Lamp,5440123,2343.00,1.0,INR,IN,boodmo.com,2026-07-04
Tata,Punch,Trunk Lid,54456200130,10304.00,2.5,INR,IN,boodmo.com,2026-07-04
Tata,Punch,Wheel Rim,5440147,2188.00,1.0,INR,IN,boodmo.com,2026-07-04
Tata,Punch,Windshield,5440102,7396.00,2.5,INR,IN,boodmo.com,2026-07-04
Tata,Safari,Bonnet Hinge,5410101,339.00,1.0,INR,IN,boodmo.com,2026-07-04
Tata,Safari,Bumper Bracket,5416322,36.00,0.5,INR,IN,boodmo.com,2026-07-04
Tata,Safari,Door Handle,2696317,34.00,0.5,INR,IN,boodmo.com,2026-07-04
Tata,Safari,Fog Lamp,012DR -,412.00,0.8,INR,IN,boodmo.com,2026-07-04
Tata,Safari,Front Bumper,5466307,103.00,2.0,INR,IN,boodmo.com,2026-07-04
Tata,Safari,Front Door,5446108ZS,10003.00,3.5,INR,IN,boodmo.com,2026-07-04
Tata,Safari,Front Fender,2690124,4224.00,2.5,INR,IN,boodmo.com,2026-07-04
Tata,Safari,Front Grill,5406304,1263.00,1.0,INR,IN,boodmo.com,2026-07-04
Tata,Safari,Headlamp,012DWL-,3366.00,1.5,INR,IN,boodmo.com,2026-07-04
Tata,Safari,Hood,2690128,140.00,3.0,INR,IN,boodmo.com,2026-07-04
Tata,Safari,Indicator Lamp,AG76,230.00,0.6,INR,IN,boodmo.com,2026-07-04
Tata,Safari,Quarter Panel,5412104CP,175.00,3.0,INR,IN,boodmo.com,2026-07-04
Tata,Safari,Radiator Support,566,142.00,2.0,INR,IN,boodmo.com,2026-07-04
Tata,Safari,Rear Bumper,5446307,1224.00,2.0,INR,IN,boodmo.com,2026-07-04
Tata,Safari,Rear Door,5446104ZS,11873.00,3.0,INR,IN,boodmo.com,2026-07-04
Tata,Safari,Rear Fender,2690124,4224.00,2.5,INR,IN,boodmo.com,2026-07-04
Tata,Safari,Rear Glass,5440107,1608.00,2.0,INR,IN,boodmo.com,2026-07-04
Tata,Safari,Roof Panel,5466C2012,6692.00,4.0,INR,IN,boodmo.com,2026-07-04
Tata,Safari,Side Mirror,ARV674,1461.00,0.8,INR,IN,boodmo.com,2026-07-04
Tata,Safari,Side Skirt,5410138,182.00,1.5,INR,IN,boodmo.com,2026-07-04
Tata,Safari,Tail Lamp,012R -,759.00,1.0,INR,IN,boodmo.com,2026-07-04
Tata,Safari,Trunk Lid,54666200235,15706.00,2.5,INR,IN,boodmo.com,2026-07-04
Tata,Safari,Wheel Rim,2650159,2475.00,1.0,INR,IN,boodmo.com,2026-07-04
Tata,Safari,Windshield,2880101,7006.00,2.5,INR,IN,boodmo.com,2026-07-04
Tata,Tiago,Bonnet Hinge,5420107,403.00,1.0,INR,IN,boodmo.com,2026-07-04
Tata,Tiago,Bumper Bracket,5426305,46.00,0.5,INR,IN,boodmo.com,2026-07-04
Tata,Tiago,Door Handle,5420147,13.00,0.5,INR,IN,boodmo.com,2026-07-04
Tata,Tiago,Fog Lamp,A46,1132.00,0.8,INR,IN,boodmo.com,2026-07-04
Tata,Tiago,Front Bumper,5426388,158.00,2.0,INR,IN,boodmo.com,2026-07-04
Tata,Tiago,Front Door,542412421,10620.00,3.5,INR,IN,boodmo.com,2026-07-04
Tata,Tiago,Front Fender,545110621,3652.00,2.5,INR,IN,boodmo.com,2026-07-04
Tata,Tiago,Front Grill,TAFBG,946.00,1.0,INR,IN,boodmo.com,2026-07-04
Tata,Tiago,Headlamp,8850102,2903.00,1.5,INR,IN,boodmo.com,2026-07-04
Tata,Tiago,Hood,5420136,173.00,3.0,INR,IN,boodmo.com,2026-07-04
Tata,Tiago,Indicator Lamp,5420118,181.00,0.6,INR,IN,boodmo.com,2026-07-04
Tata,Tiago,Quarter Panel,5460105,1185.00,3.0,INR,IN,boodmo.com,2026-07-04
Tata,Tiago,Rear Bumper,5426335,897.00,2.0,INR,IN,boodmo.com,2026-07-04
Tata,Tiago,Rear Door,G542410221,9385.00,3.0,INR,IN,boodmo.com,2026-07-04
Tata,Tiago,Rear Fender,545110621,3652.00,2.5,INR,IN,boodmo.com,2026-07-04
Tata,Tiago,Rear Glass,5422302,2755.00,2.0,INR,IN,boodmo.com,2026-07-04
Tata,Tiago,Roof Panel,542420121,7991.00,4.0,INR,IN,boodmo.com,2026-07-04
Tata,Tiago,Side Mirror,ARV7657,1031.00,0.8,INR,IN,boodmo.com,2026-07-04
Tata,Tiago,Side Skirt,GF92,450.00,1.5,INR,IN,boodmo.com,2026-07-04
Tata,Tiago,Tail Lamp,5424542_DAM1,980.00,1.0,INR,IN,boodmo.com,2026-07-04
Tata,Tiago,Trunk Lid,542411421,8028.00,2.5,INR,IN,boodmo.com,2026-07-04
Tata,Tiago,Wheel Rim,G2779412_DAM3,293.00,1.0,INR,IN,boodmo.com,2026-07-04
Tata,Tiago,Windshield,5420101,6102.00,2.5,INR,IN,boodmo.com,2026-07-04
Tata,Tigor,Bonnet Hinge,5420107,403.00,1.0,INR,IN,boodmo.com,2026-07-04
Tata,Tigor,Bumper Bracket,5428201,27.00,0.5,INR,IN,boodmo.com,2026-07-04
Tata,Tigor,Door Handle,5420147,13.00,0.5,INR,IN,boodmo.com,2026-07-04
Tata,Tigor,Fog Lamp,A46,1132.00,0.8,INR,IN,boodmo.com,2026-07-04
Tata,Tigor,Front Bumper,5426301,2815.00,2.0,INR,IN,boodmo.com,2026-07-04
Tata,Tigor,Front Door,542412421,10620.00,3.5,INR,IN,boodmo.com,2026-07-04
Tata,Tigor,Front Fender,545110621,3652.00,2.5,INR,IN,boodmo.com,2026-07-04
Tata,Tigor,Front Grill,TAFBG,946.00,1.0,INR,IN,boodmo.com,2026-07-04
Tata,Tigor,Headlamp,8850102,2903.00,1.5,INR,IN,boodmo.com,2026-07-04
Tata,Tigor,Hood,5420136,173.00,3.0,INR,IN,boodmo.com,2026-07-04
Tata,Tigor,Indicator Lamp,5420118,181.00,0.6,INR,IN,boodmo.com,2026-07-04
Tata,Tigor,Quarter Panel,545610221,12743.00,3.0,INR,IN,boodmo.com,2026-07-04
Tata,Tigor,Radiator Support,5420167,519.00,2.0,INR,IN,boodmo.com,2026-07-04
Tata,Tigor,Rear Bumper,5426329,3154.00,2.0,INR,IN,boodmo.com,2026-07-04
Tata,Tigor,Rear Door,542510121,8912.00,3.0,INR,IN,boodmo.com,2026-07-04
Tata,Tigor,Rear Fender,545110621,3652.00,2.5,INR,IN,boodmo.com,2026-07-04
Tata,Tigor,Rear Glass,5422304,3018.00,2.0,INR,IN,boodmo.com,2026-07-04
Tata,Tigor,Roof Panel,542520121,5843.00,4.0,INR,IN,boodmo.com,2026-07-04
Tata,Tigor,Side Mirror,ARV7657,1031.00,0.8,INR,IN,boodmo.com,2026-07-04
Tata,Tigor,Side Skirt,RF42,651.00,1.5,INR,IN,boodmo.com,2026-07-04
Tata,Tigor,Tail Lamp,5420128,1225.00,1.0,INR,IN,boodmo.com,2026-07-04
Tata,Tigor,Trunk Lid,542510121,8912.00,2.5,INR,IN,boodmo.com,2026-07-04
Tata,Tigor,Wheel Rim,G2779412_DAM3,293.00,1.0,INR,IN,boodmo.com,2026-07-04
Tata,Tigor,Windshield,5420101,6102.00,2.5,INR,IN,boodmo.com,2026-07-04
